TimeUS,terrain_cm,sub_cm,rf_cm,signal_quality
45198579,-2000.0,-1115.3507896423341,889,100
45298490,-2000.0,-1115.4007452487945,879,100
45400609,-2000.0,-1115.4518045902253,878,100
45599712,-2000.0,-1115.6027123222352,884,100
45698769,-2000.0,-1115.7008803581125,889,100
45799755,-2000.0,-1115.7511220087458,893,100
45896353,-2000.0,-1115.7991807890176,889,100
46000720,-2000.0,-1115.8513604164125,878,100
46199532,-2000.0,-1115.9,885,100
46295653,-2000.0,-1115.9,892,100
46398871,-2000.0,-1115.8495644454956,884,100
46494675,-2000.0,-1115.8016623382568,889,100
46598922,-2000.0,-1115.8507148781014,879,100
46698374,-2000.0,-1115.8993126869202,888,100
46798592,-2000.0,-1115.8492039203643,892,100
46998716,-2000.0,-1115.7491416931152,882,100
47095057,-2000.0,-1115.700971364975,883,100
47199227,-2000.0,-1115.7,878,100
47295434,-2000.0,-1115.7,880,100
47398613,-2000.0,-1115.7508068084717,888,100
47494263,-2000.0,-1115.7986316680908,884,100
47603540,-2000.0,-1115.9598104476927,884,100
47705301,-2000.0,-1116.1083011627197,878,100
47803212,-2000.0,-1116.2062125205994,886,100
47804212,-2000.0,-1116.2072125205993,889,100
47896117,-2000.0,-1116.299117351532,880,100
47999596,-2000.0,-1116.1979139792977,880,100
48097606,-2000.0,-1116.1003915283811,879,100
48199832,-2000.0,-1115.896335029602,881,100
48399609,-2000.0,-1115.4967813491821,876,100
48495846,-2000.0,-1115.3043060302734,880,100
48599210,-2000.0,-1115.1481847896575,874,100
48698370,-2000.0,-1114.9992556087936,878,100
48798875,-2000.0,-1114.7972353757925,884,100
48898383,-2000.0,-1114.5972335815432,881,100
48998793,-2000.0,-1114.3964122772218,879,100
49095580,-2000.0,-1114.2028383255004,887,100
49199609,-2000.0,-1114.0973907470704,888,100
49398476,-2000.0,-1113.6955711364747,886,100
49493538,-2000.0,-1113.410385799408,898,100
49598390,-2000.0,-1113.09582862854,890,100
49799446,-2000.0,-1112.441438135147,890,100
49894327,-2000.0,-1112.1093527641297,884,100
50000433,-2000.0,-1111.6883251740564,885,100
50199381,-2000.0,-1110.9958543777466,883,100
50293551,-2000.0,-1110.7133469581604,880,100
50389333,-2000.0,-1110.5629993438722,888,100
50399497,-2000.0,-1110.5477533817293,894,100
50598540,-2000.0,-1110.4502703304292,889,100
50694675,-2000.0,-1110.498337661743,882,100
50798368,-2000.0,-1110.5504366831565,892,100
50893529,-2000.0,-1110.5982560220075,897,100
50998377,-2000.0,-1110.6,886,100
51093306,-2000.0,-1110.6,895,100
51198347,-2000.0,-1110.6,893,100
51293181,-2000.0,-1110.6,882,100
51399283,-2000.0,-1110.6,883,100
51598364,-2000.0,-1110.7013647079468,885,100
51693997,-2000.0,-1110.7969972610474,887,100
51789183,-2000.0,-1110.938275241852,881,100
51800300,-2000.0,-1110.9549503936767,905,100
51999360,-2000.0,-1111.3037023212187,895,100
52094344,-2000.0,-1111.4927262643084,882,100
52200295,-2000.0,-1111.5511479854583,886,100
52294010,-2000.0,-1111.598005104065,889,100
52399553,-2000.0,-1111.6507767677308,881,100
52495160,-2000.0,-1111.6985801696778,888,100
52599291,-2000.0,-1111.9025833587648,884,100
52798600,-2000.0,-1112.4033188211258,883,100
52893237,-2000.0,-1112.6886562596615,892,100
52989655,-2000.0,-1112.9779666900636,886,100
52999519,-2000.0,-1113.0075573921204,876,100
53198381,-2000.0,-1113.5534546852111,884,100
53292774,-2000.0,-1113.7894354343414,892,100
53399081,-2000.0,-1113.9531220912934,876,100
53496233,-2000.0,-1114.0988497257233,876,100
53598489,-2000.0,-1114.30297832489,890,100
53694795,-2000.0,-1114.4955909729003,883,100
53799308,-2000.0,-1114.65346326828,891,100
53999347,-2000.0,-1114.7488262290954,889,100
54094671,-2000.0,-1114.7011644477845,883,100
54191943,-2000.0,-1114.7,876,100
54200682,-2000.0,-1114.7,886,100
54400330,-2000.0,-1114.597669696808,877,100
54496426,-2000.0,-1114.5015736579894,888,100
54599424,-2000.0,-1114.5,885,100
54695589,-2000.0,-1114.5,880,100
54798557,-2000.0,-1114.5,891,100
54893658,-2000.0,-1114.5,875,100
54999274,-2000.0,-1114.3982165696034,886,100
55198343,-2000.0,-1114.2493283748627,878,100
55292113,-2000.0,-1114.2024433612823,879,100
55387059,-2000.0,-1114.1099408149719,880,100
55399111,-2000.0,-1114.0978885650634,887,100
55598351,-2000.0,-1113.797296333313,885,100
55694499,-2000.0,-1113.6050012588503,887,100
55798347,-2000.0,-1113.397304916382,884,100
55893460,-2000.0,-1113.207078361511,882,100
55999351,-2000.0,-1113.0464722499846,886,100
56199583,-2000.0,-1112.6958535796969,877,100
56295293,-2000.0,-1112.505386314582,890,100
56389445,-2000.0,-1112.225663948059,880,100
56399484,-2000.0,-1112.1955453872679,896,100
56599596,-2000.0,-1111.595210647583,880,100
56696250,-2000.0,-1111.3052488327025,882,100
56798377,-2000.0,-1111.0992448348998,881,100
56893701,-2000.0,-1110.9085977096556,887,100
56998502,-2000.0,-1110.647482318974,891,100
57094005,-2000.0,-1110.4075230047333,885,100
57198609,-2000.0,-1110.2475860118866,890,100
57398763,-2000.0,-1110.1000000000001,886,100
57494555,-2000.0,-1110.1000000000001,890,100
57589861,-2000.0,-1110.1000000000001,887,100
57598669,-2000.0,-1110.1000000000001,886,100
57695632,-2000.0,-1110.1000000000001,908,100
57799356,-2000.0,-1110.1000000000001,886,100
57998330,-2000.0,-1110.1000000000001,896,100
58093829,-2000.0,-1110.1000000000001,886,100
58199364,-2000.0,-1109.9976352920532,884,100
58295555,-2000.0,-1109.9014448394776,889,100
58400368,-2000.0,-1109.8485726731335,893,100
58497434,-2000.0,-1109.8002811678607,891,100
58600373,-2000.0,-1110.0047464370728,878,100
58799536,-2000.0,-1110.5046091079712,888,100
58894542,-2000.0,-1110.7896270751955,886,100
58998360,-2000.0,-1111.101081249237,903,100
59094031,-2000.0,-1111.3880947799685,896,100
59198429,-2000.0,-1111.702801249135,894,100
59292958,-2000.0,-1111.9878152051763,888,100
59398416,-2000.0,-1112.2535405158997,889,100
59598489,-2000.0,-1112.8044674873354,892,100
59695546,-2000.0,-1113.0956395149233,896,100
59789883,-2000.0,-1113.3322075366975,886,100
59798523,-2000.0,-1113.3538087368013,895,100
59893486,-2000.0,-1113.5912164211275,893,100
59999356,-2000.0,-1113.8047121047973,884,100
60199373,-2000.0,-1114.3583065185546,889,100
60295177,-2000.0,-1114.693621269226,891,100
60399360,-2000.0,-1115.0564790621327,888,100
60498306,-2000.0,-1115.4012241363525,885,100
60599523,-2000.0,-1115.8060939788818,884,100
60799532,-2000.0,-1116.5045962333681,884,100
60893478,-2000.0,-1116.7864341735842,890,100
60986715,-2000.0,-1116.977431869507,890,100
60999038,-2000.0,-1117.0020769577027,879,100
61198489,-2000.0,-1117.3009941331106,886,100
61293546,-2000.0,-1117.3965292964149,878,100
61398562,-2000.0,-1117.6539052963258,875,100
61492945,-2000.0,-1117.889864587784,883,100
61598660,-2000.0,-1118.103321647644,885,100
61696220,-2000.0,-1118.2984405517577,884,100
61798467,-2000.0,-1118.4522015571595,878,100
61998497,-2000.0,-1118.7522466182709,876,100
62094237,-2000.0,-1118.8958563804626,883,100
62188170,-2000.0,-1118.9,878,100
62199665,-2000.0,-1118.9,879,100
62399493,-2000.0,-1118.798016463702,880,100
62495010,-2000.0,-1118.7029749894023,883,100
62599557,-2000.0,-1118.5476632595062,879,100
62694134,-2000.0,-1118.4057980060577,885,100
62799510,-2000.0,-1118.2984893798828,893,100
62894430,-2000.0,-1118.2035692214968,877,100
63000287,-2000.0,-1118.046568918228,872,100
63198347,-2000.0,-1117.6993049163818,884,100
63292130,-2000.0,-1117.5117391128542,881,100
63387183,-2000.0,-1117.2759205037028,884,100
63399377,-2000.0,-1117.2452826380131,875,100
63598334,-2000.0,-1116.6959959983826,876,100
63694593,-2000.0,-1116.4072186470032,889,100
63798343,-2000.0,-1116.095970249176,886,100
63893306,-2000.0,-1115.8110810279845,884,100
63998368,-2000.0,-1115.4958930015564,888,100
64092842,-2000.0,-1115.212471485138,887,100
64198338,-2000.0,-1114.845313644409,887,100
64399454,-2000.0,-1114.0901806793213,884,100
64493774,-2000.0,-1113.7129033050537,898,100
64590664,-2000.0,-1113.280608299597,882,100
64600287,-2000.0,-1113.23751915889,882,100
64800497,-2000.0,-1112.3900093078614,887,100
64896984,-2000.0,-1112.0040630340577,891,100
64999420,-2000.0,-1111.8478692531587,880,100
65094683,-2000.0,-1111.7049740314485,893,100
65198351,-2000.0,-1111.6498240833282,887,100
65293340,-2000.0,-1111.6023296718597,882,100
65398338,-2000.0,-1111.5495784126933,877,100
65598489,-2000.0,-1111.5,888,100
65694520,-2000.0,-1111.5,889,100
65791123,-2000.0,-1111.5,882,100
65798635,-2000.0,-1111.5,888,100
65998502,-2000.0,-1111.5,883,100
66094194,-2000.0,-1111.5,880,100
66198433,-2000.0,-1111.3985666275023,889,100
66293018,-2000.0,-1111.3039812088011,883,100
66399403,-2000.0,-1111.1975966682435,879,100
66493924,-2000.0,-1111.1030756225587,892,100
66600356,-2000.0,-1110.9457372352258,893,100
66799690,-2000.0,-1110.5966182708742,890,100
66894744,-2000.0,-1110.4065118789674,889,100
66988754,-2000.0,-1110.3546227931977,889,100
66999407,-2000.0,-1110.3492961883544,885,100
67094435,-2000.0,-1110.301782464981,888,100
67199317,-1998.0,-1110.3506587142945,891,100
67398351,-1996.0,-1110.5008561139132,883,100
67493525,-1994.0000000000002,-1110.5965077309152,881,100
67588110,-1992.0000000000002,-1110.645555305481,870,100
67600484,-1989.9999999999998,-1110.6517423629762,879,100
67798390,-1988.0,-1110.7,881,100
67998497,-1986.0,-1110.7,880,100
68093400,-1984.0,-1110.7,870,100
68187977,-1982.0,-1110.7454887866975,867,100
68198596,-1980.0,-1110.7507982254028,869,100
68294610,-1978.0,-1110.798805475235,865,100
68399214,-1976.0000000000002,-1110.7488927841187,871,100
68600347,-1973.9999999999998,-1110.5449787960054,861,100
68699202,-1972.0,-1110.394519988103,867,100
68799467,-1970.0,-1110.1451052120076,855,100
68894477,-1968.0,-1109.9087612303929,861,100
68999399,-1966.0,-1109.3930047988893,857,100
69199493,-1964.0,-1108.3417860031127,850,100
69294439,-1962.0,-1107.8195835113524,860,100
69387664,-1960.0000000000002,-1107.1723494529724,846,100
69398446,-1957.9999999999998,-1107.0968762702942,846,100
69598489,-1955.9999999999998,-1105.4405557354492,850,100
69696173,-1954.0,-1104.5078953211032,857,100
69798536,-1952.0,-1103.2815635681154,850,100
69893229,-1950.0,-1102.1452510833742,840,100
69998609,-1948.0,-1100.677469444275,850,100
70093683,-1946.0,-1099.3464242935183,849,100
70198373,-1944.0000000000002,-1097.5766540527343,848,100
70398523,-1942.0000000000002,-1093.9202918529509,846,100
70493671,-1939.9999999999998,-1092.0649134635926,848,100
70589076,-1938.0,-1089.928285360336,854,100
70600454,-1936.0,-1089.6722679519653,849,100
70799725,-1934.0,-1085.0979680341275,852,100
70895216,-1932.0,-1082.86509548396,853,100
70999377,-1930.0,-1080.4176268100737,854,100
71095666,-1928.0,-1078.1548316001893,853,100
71199523,-1926.0000000000002,-1075.5619126319884,856,100
71294786,-1923.9999999999998,-1073.180325603485,845,100
71398364,-1922.0,-1070.6410646553038,848,100
71598489,-1920.0,-1065.776140805345,843,100
71694752,-1918.0,-1063.4542093401578,853,100
71788647,-1916.0,-1061.0171766281128,866,100
71798394,-1914.0,-1060.7637365341188,848,100
71998377,-1912.0,-1055.462805271149,851,100
72093533,-1910.0000000000002,-1052.8935880661013,860,100
72198347,-1907.9999999999998,-1050.164963912964,853,100
72293439,-1905.9999999999998,-1047.692576599121,861,100
72398407,-1904.0,-1044.9634017944334,864,100
72492941,-1902.0,-1042.5055198669431,851,100
72599261,-1900.0,-1039.7411973953244,862,100
72695198,-1898.0,-1037.2468288421628,861,100
72801051,-1896.0,-1034.4946666946412,855,100
72896679,-1894.0000000000002,-1032.008331893921,863,100
73000403,-1892.0000000000002,-1029.3248908047651,864,100
73199403,-1889.9999999999998,-1024.2142150402067,865,100
73295512,-1888.0,-1021.7634377479552,865,100
73399338,-1886.0,-1019.1665260314943,870,100
73494469,-1884.0,-1016.7882649421693,868,100
73598386,-1882.0,-1014.1401527767181,864,100
73798467,-1880.0,-1009.176658377336,871,100
73893362,-1878.0,-1006.8877480051627,867,100
73988642,-1876.0000000000002,-1004.7838592529299,867,100
73998351,-1873.9999999999998,-1004.570259666443,873,100
74198497,-1872.0,-1000.3192962169647,871,100
74294198,-1870.0,-998.3574212551117,873,100
74388166,-1868.0,-996.6134215831756,866,100
74399424,-1866.0,-996.4051427364348,875,100
74598574,-1864.0,-992.8732251167297,869,100
74697739,-1862.0,-991.1874288558959,872,100
74799600,-1860.0000000000002,-989.4557873802185,865,100
74999403,-1857.9999999999998,-986.1696982008901,878,100
75093503,-1855.9999999999998,-984.671581181009,872,100
75188711,-1854.0,-983.1939717769621,871,100
75200304,-1852.0,-983.0142794132231,867,100
75399330,-1850.0,-979.9800443649293,875,100
75495014,-1848.0,-978.5447835922243,866,100
75589011,-1846.0,-977.1803273677828,865,100
75599291,-1844.0000000000002,-977.0312706489563,873,100
75798502,-1842.0000000000002,-974.1859009862546,871,100
75893482,-1839.9999999999998,-972.8494956011749,864,100
75998360,-1838.0,-971.3809541702271,868,100
76093452,-1836.0,-970.0496686935427,867,100
76198356,-1834.0,-968.53033618927,862,100
76293430,-1832.0,-967.1517537117003,869,100
76399330,-1830.0,-965.6673757553099,860,100
76598373,-1828.0,-962.8807739257812,864,100
76692585,-1826.0000000000002,-961.561805152893,871,100
76800506,-1823.9999999999998,-960.1026655426026,859,100
76897941,-1822.0,-958.7878245794952,862,100
76999493,-1820.0,-957.474214028126,867,100
77094327,-1818.0,-956.247501331538,862,100
77199557,-1816.0,-954.8797482490538,865,100
77295113,-1814.0,-953.6375292778015,859,100
77399351,-1812.0,-952.1303984165191,872,100
77598489,-1810.0000000000002,-949.1926625633239,857,100
77694284,-1807.9999999999998,-947.7557280921935,856,100
77789531,-1805.9999999999998,-946.2741385052551,854,100
77799287,-1804.0,-946.1221562697062,852,100
77998343,-1802.0,-943.0798512458801,860,100
78093366,-1800.0,-941.6545039176942,859,100
78198343,-1798.0,-939.9278363704682,846,100
78293486,-1796.0,-938.3579716205597,858,100
78398364,-1794.0000000000002,-936.5767999649048,853,100
78493761,-1792.0000000000002,-934.955059146881,856,100
78598583,-1789.9999999999998,-933.1222874164581,852,100
78695173,-1788.0,-931.4319700241088,853,100
78799639,-1786.0,-929.3985337734224,862,100
78999639,-1784.0,-925.4985323600771,859,100
79102447,-1782.0,-923.4915947302065,862,100
79209495,-1780.0,-921.3612855825851,861,100
79210495,-1778.0,-921.3413850850726,860,100
79300614,-1775.9999999999998,-919.5463949680327,855,100
79399002,-1774.0000000000002,-917.5294467449186,857,100
79401085,-1772.0,-917.4867449283602,856,100
79500344,-1770.0,-915.4495929718018,843,100
79601446,-1768.0,-913.27590880394,857,100
79798403,-1766.0,-908.9409250354768,861,100
79894572,-1764.0,-906.7771226501466,854,100
80004265,-1762.0,-904.4038093394372,851,100
80199257,-1760.0000000000002,-900.1503383636475,845,100
80298756,-1757.9999999999998,-897.9613554000853,865,100
80398780,-1755.9999999999998,-895.7608182907103,859,100
80598733,-1754.0,-891.3109899520872,862,100
80697499,-1752.0,-889.0880203247068,861,100
80799433,-1750.0,-886.6416007995607,861,100
80896288,-1748.0,-884.3170654296877,863,100
81000407,-1746.0,-881.8699225559234,872,100
81199377,-1744.0000000000002,-877.2060963284316,867,100
81293941,-1742.0000000000002,-874.9948992297423,863,100
81399343,-1739.9999999999998,-872.569105243683,862,100
81495808,-1738.0,-870.3504076957705,863,100
81599463,-1736.0,-868.0170732021332,865,100
81798815,-1734.0,-863.6324706401826,874,100
81895392,-1732.0,-861.5560717906952,875,100
81998454,-1730.0,-859.4808074337755,866,100
82094683,-1728.0,-857.5465546421074,875,100
82199836,-1725.9999999999998,-855.4946842670441,868,100
82295134,-1724.0000000000002,-853.6363769054411,872,100
82398399,-1722.0,-851.7241177558898,884,100
82598647,-1720.0,-848.1719848632812,871,100
82693306,-1718.0,-846.5627924919128,863,100
82789702,-1716.0,-844.9704042911529,868,100
82799433,-1714.0,-844.8098505496979,865,100
82998630,-1712.0,-841.7263536453248,871,100
83095409,-1710.0000000000002,-840.3230669498445,860,100
83199437,-1707.9999999999998,-838.8658727035523,873,100
83294696,-1705.9999999999998,-837.5322440490722,864,100
83399364,-1704.0,-836.2268071150899,867,100
83494336,-1702.0,-835.0455676026605,862,100
83600321,-1700.0,-833.7209784984589,876,100
83696306,-1698.0,-832.5211727619171,860,100
83799399,-1696.0,-831.1818124771116,872,100
83894701,-1694.0000000000002,-829.9428851127623,859,100
83999270,-1692.0000000000002,-828.5834871177674,856,100
84198368,-1689.9999999999998,-825.8373361884647,868,100
84292898,-1688.0,-824.4597687342656,862,100
84398635,-1686.0,-822.8246563434601,861,100
84493739,-1684.0,-821.35053358078,864,100
84598399,-1682.0,-819.7283148765564,861,100
84798553,-1680.0,-816.6766969680788,861,100
84892739,-1678.0,-815.2639023780825,867,100
84991402,-1675.9999999999998,-813.7367656230929,868,100
84998536,-1674.0000000000002,-813.6261862754824,865,100
85199514,-1672.0,-810.4085039577484,860,100
85293791,-1670.0,-808.8529428920746,856,100
85399549,-1668.0,-807.0653361723793,860,100
85494791,-1666.0,-805.4542770689402,865,100
85599347,-1664.0,-803.5757442474367,864,100
85694542,-1662.0,-801.8622375488283,852,100
85799574,-1660.0000000000002,-800.0224376201631,859,100
85894709,-1657.9999999999998,-798.357579755783,855,100
85999265,-1655.9999999999998,-796.4772132568359,864,100
86093241,-1654.0,-794.7856448822021,861,100
86198364,-1652.0,-792.8339225155623,857,100
86292126,-1650.0,-791.0906192837049,851,100
86400815,-1648.0,-789.0794192790984,854,100
86598338,-1646.0,-785.3745597839354,853,100
86691787,-1644.0000000000002,-783.5990447044371,863,100
86798489,-1642.0000000000002,-781.5209613323213,868,100
86894186,-1639.9999999999998,-779.654871273041,863,100
86998557,-1638.0,-777.4672856330874,858,100
87094456,-1636.0,-775.4534144401553,857,100
87199433,-1634.0,-773.3001158638,858,100
87399326,-1632.0,-769.1618430180338,868,100
87495310,-1630.0,-767.1561976076954,864,100
87592003,-1628.0,-765.1729363441469,868,100
87600360,-1625.9999999999998,-765.0016129493715,852,100
87799471,-1624.0000000000002,-760.8183520793915,866,100
87895396,-1622.0,-758.7559779644012,862,100
87989483,-1620.0,-756.733094549179,856,100
88000326,-1618.0,-756.499990749359,858,100
88198360,-1616.0,-752.2924312553405,864,100
88293469,-1614.0,-750.295142551422,863,100
88401231,-1612.0,-748.2287461247275,860,100
88496949,-1610.0000000000002,-746.4009578915695,859,100
88598467,-1607.9999999999998,-744.5228474617004,870,100
88798450,-1605.9999999999998,-740.7217144966128,857,100
88893074,-1604.0,-738.8765456676484,861,100
88999295,-1602.0,-736.7029325962069,865,100
89095267,-1600.0,-734.7355151176455,865,100
89198605,-1598.0,-732.6170968055726,862,100
89293211,-1596.0,-730.6776558399199,863,100
89400351,-1594.0000000000002,-728.584640663147,864,100
89494516,-1592.0,-726.7484261207582,870,100
89599386,-1590.0,-724.7134027566484,861,100
89696739,-1588.0,-722.8244550562617,860,100
89800338,-1586.0,-720.8043917179108,873,100
89999351,-1584.0,-716.8729633331297,861,100
90095216,-1582.0,-714.9556774139403,867,100
90189380,-1580.0,-713.2094519138335,866,100
90199343,-1578.0,-713.0251512107849,868,100
90398356,-1576.0,-709.3340821002595,869,100
90493580,-1574.0,-707.5635696775349,859,100
90598351,-1572.0,-705.5743151664733,871,100
90693516,-1570.0,-703.7661844253539,871,100
90798493,-1568.0,-701.9746112823487,858,100
90999737,-1566.0,-698.707561016083,864,100
91096971,-1564.0,-697.2004449367524,862,100
91198459,-1562.0,-695.5766540527344,865,100
91292808,-1560.0,-694.0670639038085,873,100
91388544,-1558.0,-692.5352951049805,866,100
91402415,-1555.9999999999998,-692.3133441772461,862,100
91599386,-1554.0,-689.1699714926345,863,100
91799489,-1552.0,-685.9254288196563,865,100
91894396,-1550.0,-684.3594586372374,867,100
91991376,-1548.0,-682.7592870712281,863,100
91999459,-1546.0,-682.6259244918822,859,100
92198562,-1544.0000000000002,-679.3910061035156,859,100
92294452,-1542.0,-677.8567653808593,853,100
92398677,-1540.0,-676.181057447884,871,100
92497018,-1538.0,-674.5996947288512,864,100
92598420,-1536.0,-672.9265617847442,865,100
92693829,-1534.0,-671.3523067951202,859,100
92798609,-1532.0,-669.5726414680482,862,100
92894147,-1530.0,-667.9484930992128,863,100
93000939,-1528.0,-666.1849961280824,866,100
93097687,-1526.0,-664.5883043289186,856,100
93198527,-1524.0,-662.874027633667,858,100
93398583,-1522.0,-659.4730792045592,866,100
93494104,-1520.0,-657.8492226600647,857,100
93599463,-1518.0,-656.006890268326,862,100
93695387,-1516.0,-654.3282136631012,866,100
93799532,-1514.0,-652.463604576908,861,100
93894975,-1512.0,-650.7541647156672,862,100
93999570,-1510.0,-648.7701566696165,854,100
94199570,-1508.0,-644.9701566696166,862,100
94295949,-1505.9999999999998,-643.1389503479003,860,100
94391973,-1504.0,-641.3614983081817,866,100
94398643,-1500.0,-641.2380923328399,855,100
94598802,-1500.0,-637.5764381907094,865,100
94695585,-1500.0,-635.8255956601856,855,100
94798441,-1500.0,-633.9233238220216,870,100
94999489,-1500.0,-630.1014627456666,872,100
95095370,-1500.0,-628.2317742347719,866,100
95191149,-1500.0,-626.3170196533204,885,100
95198471,-1500.0,-626.1705600738526,869,100
95398712,-1500.0,-622.3183220386504,881,100
95494100,-1500.0,-620.5536452293395,886,100
95588728,-1500.0,-618.8030210494994,875,100
95599424,-1500.0,-618.6051413955689,877,100
95799484,-1500.0,-615.0154375712076,887,100
95894065,-1500.0,-613.3685025210403,890,100
95999420,-1500.0,-611.6772720336913,890,100
96094675,-1500.0,-610.1531936645506,886,100
96199592,-1500.0,-608.5761176109313,889,100
96297198,-1500.0,-607.1120177268981,892,100
96399313,-1500.0,-605.8335857868195,888,100
96494160,-1500.0,-604.6479957580567,895,100
96598390,-1500.0,-603.4901557500638,896,100
96798510,-1500.0,-601.4864044189454,887,100
96893714,-1500.0,-600.6295738220216,901,100
96998360,-1500.0,-599.8397968769075,897,100
97092795,-1500.0,-599.131532764435,901,100
97198493,-1500.0,-598.6940261840821,902,100
97294289,-1500.0,-598.3108436584473,903,100
97399300,-1500.0,-598.0953994750977,901,100
97494057,-1500.0,-597.9058853149414,905,100
97599789,-1500.0,-597.9,909,100
97696091,-1500.0,-597.9,906,100
97800493,-1500.0,-598.1059569781099,900,100
97999326,-1500.0,-598.6039782524109,895,100
98093701,-1500.0,-598.8871036529541,910,100
98199480,-1500.0,-599.5088834762573,905,100
98294821,-1500.0,-600.080927848816,899,100
98399394,-1500.0,-600.9618553638458,901,100
98496078,-1500.0,-601.7836691856384,895,100
98599274,-1500.0,-602.7114706192017,897,100
98798454,-1500.0,-604.6095962831123,890,100
98891920,-1500.0,-605.5489463154395,893,100
98987471,-1500.0,-606.5047117233275,893,100
98999459,-1500.0,-606.6245904922484,889,100
99198660,-1500.0,-608.6166082382202,899,100
99294070,-1500.0,-609.5707021713258,891,100
99388642,-1500.0,-610.4706062316895,882,100
99399330,-1500.0,-610.5721378803254,892,100
99598394,-1500.0,-612.5646448612214,880,100
99695640,-1500.0,-613.5857296466828,888,100
99800137,-1500.0,-614.6829404335022,879,100
99894323,-1500.0,-615.6718966464996,886,100
99999360,-1500.0,-616.5148092848744,884,100
100199467,-1500.0,-617.9595400810242,881,100
100294696,-1500.0,-618.5785295486451,880,100
100399360,-1500.0,-619.1574822902679,884,100
100493495,-1500.0,-619.6752237319946,881,100
100598935,-1500.0,-620.3560806331635,880,100
100696636,-1500.0,-620.9911376056671,873,100
100798411,-1500.0,-621.403665989248,878,100
100894525,-1500.0,-621.79005073279,885,100
100998652,-1500.0,-622.1557828426361,873,100
101094705,-1500.0,-622.4919687747955,876,100
101199682,-1500.0,-622.7567055225373,876,100
101398437,-1500.0,-623.101437664032,886,100
101494623,-1500.0,-623.1976238250733,874,100
101588119,-1500.0,-623.0633212089539,874,100
101599330,-1500.0,-623.0465045452119,882,100
101799471,-1500.0,-622.5925840110779,870,100
101894997,-1500.0,-622.3060082168579,875,100
101999364,-1500.0,-621.7907228460359,885,100
102094812,-1500.0,-621.3158570892182,879,100
102199416,-1500.0,-620.7422108650208,876,100
102399506,-1500.0,-619.7432215213777,885,100
102495216,-1500.0,-619.3125274181367,877,100
102598459,-1500.0,-618.8479339523316,878,100
102692568,-1500.0,-618.424443189621,879,100
102798480,-1500.0,-617.9455652189016,880,100
102893636,-1500.0,-617.51521057819,884,100
102998351,-1500.0,-616.9425649166106,887,100
103093889,-1500.0,-616.4171051502228,887,100
103199004,-1500.0,-615.8389771938324,881,100
103295246,-1500.0,-615.3096464633942,882,100
103399373,-1500.0,-614.7881339073181,884,100
103598351,-1500.0,-613.8439167499542,886,100
103692473,-1500.0,-613.420368051529,884,100
103789067,-1500.0,-613.0317295074464,885,100
103799291,-1500.0,-612.9908332824708,887,100
103999360,-1500.0,-612.1393781261444,887,100
104095739,-1500.0,-611.7056713657379,888,100
104199454,-1500.0,-611.241247029091,885,100
104294868,-1500.0,-610.8140215745613,884,100
104399351,-1500.0,-610.4452685832978,890,100
104599562,-1500.0,-609.9476568222045,884,100
104695211,-1500.0,-609.8041822433472,889,100
104792530,-1500.0,-609.7054690361023,890,100
104798592,-1500.0,-609.6994078407288,886,100
104998622,-1500.0,-609.4483082411876,893,100
105096190,-1500.0,-609.3012207510483,896,100
105198450,-1500.0,-609.1478241920471,891,100
105294808,-1500.0,-609.0032874584198,885,100
105398493,-1500.0,-608.8985065460205,890,100
105494774,-1500.0,-608.8022259712219,892,100
105599390,-1500.0,-608.697609615326,895,100
105799398,-1500.0,-608.6,889,100
105896559,-1500.0,-608.6,886,100
105999540,-1500.0,-608.7025406608582,886,100
106093705,-1500.0,-608.7967055091858,882,100
106199544,-1500.0,-609.0550869462502,898,100
106295113,-1500.0,-609.2928187375045,891,100
106399394,-1500.0,-609.5027894973755,888,100
106496885,-1500.0,-609.6977710723877,886,100
106599549,-1500.0,-609.9030984878541,894,100
106695889,-1500.0,-610.095779800415,894,100
106798480,-1500.0,-610.3512014484405,898,100
106998519,-1500.0,-610.8525608120252,888,100
107093091,-1500.0,-611.0901802695575,888,100
107198712,-1500.0,-611.3034246444702,884,100
107293229,-1500.0,-611.4924581527711,892,100
107398639,-1500.0,-611.7032787322999,886,100
107495022,-1500.0,-611.8960458755492,880,100
107598411,-1500.0,-612.2042357444764,890,100
107799330,-1500.0,-612.9604863643646,890,100
107893490,-1500.0,-613.3842088699341,887,100
107989393,-1500.0,-613.7695751190186,893,100
107999265,-1500.0,-613.8090637207031,893,100
108199334,-1500.0,-614.5581713352204,894,100
108296666,-1500.0,-614.8988333377838,878,100
108392402,-1500.0,-615.1847827398956,885,100
108400750,-1500.0,-615.2097041001961,879,100
108599326,-1500.0,-615.803978252411,876,100
108695949,-1500.0,-616.0938499450684,885,100
108799429,-1500.0,-616.4042872428894,880,100
108898185,-1500.0,-616.7004646778107,883,100
109004062,-1500.0,-616.9651557922364,877,100
109102368,-1500.0,-617.1999999999999,879,100
109103368,-1500.0,-617.2107909466154,883,100
109104368,-1500.0,-617.2128009968667,879,100
109198725,-1500.0,-617.4024627072129,882,100
109399244,-1500.0,-617.6,884,100
109496743,-1500.0,-617.6,878,100
109599746,-1500.0,-617.4972534179688,889,100
109703880,-1500.0,-617.3931193351746,880,100
109798763,-1500.0,-617.2982361793518,889,100
109897615,-1500.0,-617.1993849754333,876,100
109999853,-1500.0,-617.0971461296081,885,100
110199677,-1500.0,-616.9486610050202,878,100
110296134,-1500.0,-616.9004327411652,884,100
110399592,-1500.0,-616.6958364989628,883,100
110599596,-1500.0,-616.1444124221803,888,100
110696190,-1500.0,-615.8063339233399,888,100
110799399,-1500.0,-615.6479014396668,888,100
110998343,-1500.0,-615.4498283748627,887,100
111094108,-1500.0,-615.4019455795287,892,100
111199364,-1500.0,-615.3490629972525,886,100
111398493,-1500.0,-615.0462663650512,890,100
111494108,-1500.0,-614.807227897644,877,100
111588488,-1500.0,-614.5712793350219,883,100
111600394,-1500.0,-614.5415134906768,896,100
111798364,-1500.0,-614.3,886,100
111998467,-1500.0,-614.3507338523865,888,100
112093302,-1500.0,-614.3981510162354,888,100
112188698,-1500.0,-614.445849275589,890,100
112199364,-1500.0,-614.4511823539734,884,100
112399480,-1500.0,-614.5509853628737,884,100
112495044,-1500.0,-614.5985295860329,884,100
112590020,-1500.0,-614.64601020813,879,100
112599780,-1500.0,-614.6508904933929,875,100
112800617,-1500.0,-614.7513089179993,880,100
112897915,-1500.0,-614.7999577522278,885,100
112999356,-1500.0,-614.9013560523987,889,100
113093087,-1500.0,-614.9950874557495,894,100
113198437,-1500.0,-615.1009423759116,886,100
113294434,-1500.0,-615.1974221080991,890,100
113399437,-1500.0,-615.1487812042236,883,100
113598493,-1500.0,-614.9477598190307,888,100
113695177,-1500.0,-614.8027338504792,894,100
113792063,-1500.0,-614.7049368858337,879,100
113799437,-1500.0,-614.6975624084472,883,100
113998377,-1500.0,-614.49862241745,887,100
114093962,-1500.0,-614.403037071228,890,100
114198347,-1500.0,-614.4,883,100
114293778,-1500.0,-614.4,886,100
114399377,-1500.0,-614.5023775825501,887,100
114599506,-1500.0,-614.6509981734242,890,100
114695988,-1500.0,-614.6989993062186,889,100
114790033,-1500.0,-614.7,887,100
114800549,-1500.0,-614.7,890,100
115000592,-1500.0,-614.597407913208,885,100
115098816,-1500.0,-614.4995916366578,881,100
115199562,-1500.0,-614.4492189769745,882,100
115298340,-1500.0,-614.4,892,100
115398875,-1500.0,-614.4,880,100
115600124,-1500.0,-614.4515621185303,884,100
115699293,-1500.0,-614.5034395217896,889,100
115793088,-1500.0,-614.6441331863404,887,100
115799300,-1500.0,-614.6534503936767,875,100
115998321,-1500.0,-614.9013217926026,887,100
116093722,-1500.0,-614.9967226028442,877,100
116199253,-1500.0,-615.0,886,100
116293379,-1500.0,-615.0,884,100
116399381,-1500.0,-614.8976181259155,882,100
116494825,-1502.0,-614.8021744003296,881,100
116601338,-1504.0,-614.8,887,100
116799317,-1505.9999999999998,-614.7493412494659,893,100
116893551,-1508.0,-614.7022244930267,897,100
116999510,-1510.0,-614.5984893798828,899,100
117094894,-1512.0,-614.5031057357788,895,100
117198356,-1514.0,-614.399643875122,900,100
117292705,-1516.0,-614.3052944908142,903,100
117398879,-1518.0,-614.2493066873982,906,100
117495254,-1520.0,-614.2008770449078,899,100
117601059,-1522.0,-614.1479701042176,914,100
117798523,-1524.0,-614.1,907,100
117892229,-1526.0,-614.1,909,100
117988947,-1528.0,-614.421816110611,914,100
117998514,-1530.0,-614.4553021907807,923,100
118198566,-1532.0,-615.4093984603882,908,100
118294422,-1534.0,-615.984532737732,918,100
118398407,-1536.0,-616.8112609863282,923,100
118493992,-1538.0,-617.5759437561036,919,100
118600532,-1540.0,-618.6353200531006,927,100
118695383,-1542.0,-619.583834991455,925,100
118799549,-1544.0000000000002,-620.7224295355195,923,100
118999484,-1546.0,-623.1193033218385,924,100
119094932,-1548.0,-624.3601275444031,919,100
119199399,-1550.0,-625.9716851234436,928,100
119293280,-1552.0,-627.4268500328066,929,100
119398527,-1554.0,-629.3095001525879,920,100
119494623,-1555.9999999999998,-631.0392288513183,925,100
119598579,-1558.0,-633.2227788723894,918,100
119697945,-1560.0,-635.321273136139,923,100
119798484,-1562.0,-637.5834095954895,922,100
119894404,-1564.0,-639.7416115283964,921,100
119999446,-1566.0,-642.2587081909178,920,100
120198467,-1568.0,-647.0859587669372,918,100
120292778,-1570.0,-649.3965723991395,919,100
120398506,-1572.0,-652.0884113788607,931,100
120494023,-1574.0,-654.5240867614748,922,100
120599386,-1576.0,-657.3132333889007,913,100
120696632,-1578.0,-659.8902568950652,915,100
120799399,-1580.0,-662.6510189910434,910,100
120895001,-1582.0,-665.2194446962274,914,100
121000356,-1584.0,-668.0636134147645,919,100
121199368,-1586.0,-673.4369629859926,907,100
121293671,-1588.0,-675.983121776581,910,100
121389157,-1590.0,-678.4701032638551,905,100
121399317,-1592.0,-678.7342531433106,911,100
121598527,-1594.0000000000002,-683.9773732017634,911,100
121697091,-1596.0,-686.6022864341738,912,100
121798454,-1598.0,-689.1363707542417,907,100
121899838,-1600.0,-691.6709509849546,907,100
121998489,-1602.0,-694.1372290611265,903,100
122198635,-1604.0,-699.0900593280793,903,100
122294134,-1605.9999999999998,-701.4297974586489,908,100
122388552,-1607.9999999999998,-703.6057106971742,902,100
122400471,-1610.0000000000002,-703.8798525810244,902,100
122599510,-1612.0,-708.355233642578,904,100
122696336,-1614.0,-710.485396835327,901,100
122799403,-1616.0,-712.6397711113318,905,100
122893070,-1618.0,-714.596992640709,894,100
122999321,-1620.0,-716.6757749557496,906,100
123094967,-1622.0,-718.5408607959748,896,100
123200347,-1624.0000000000002,-720.4422544479372,911,100
123399394,-1625.9999999999998,-723.8223159790039,895,100
123493804,-1628.0,-725.3328674316405,902,100
123591410,-1630.0,-726.8945739746092,899,100
123601385,-1632.0,-727.0541751708986,906,100
123798549,-1634.0,-730.1663450058979,908,100
123894460,-1636.0,-731.6604437938287,898,100
123989672,-1638.0,-733.0437545776366,907,100
123999364,-1639.9999999999998,-733.184287214279,909,100
124198420,-1642.0000000000002,-735.9691767215729,906,100
124398862,-1644.0000000000002,-738.5732815742494,894,100
124494001,-1646.0,-739.7625194072725,903,100
124588355,-1648.0,-740.987617969513,913,100
124598613,-1650.0,-741.1209770202638,912,100
124799536,-1652.0,-743.7842409858704,905,100
124895224,-1654.0,-745.0760336170197,914,100
124999360,-1655.9999999999998,-746.5768418288351,909,100
125094924,-1657.9999999999998,-747.9556243004491,905,100
125199403,-1660.0000000000002,-749.6224533081056,915,100
125294988,-1662.0,-751.1518188476564,911,100
125401493,-1664.0,-752.9076395988463,912,100
125498074,-1666.0,-754.5012629508971,914,100
125599943,-1668.0,-756.2330478744508,910,100
125798673,-1670.0,-759.5694633407207,913,100
125894782,-1672.0,-761.1632292416825,918,100
125999845,-1674.0000000000002,-762.8455245971678,908,100
126099417,-1675.9999999999998,-764.441096973419,900,100
126198429,-1678.0,-766.1242943763733,906,100
126398506,-1680.0,-769.6271139144899,909,100
126494507,-1682.0,-771.3551431655885,899,100
126588226,-1684.0,-773.1333031654358,912,100
126598424,-1686.0,-773.3270709991457,915,100
126799480,-1688.0,-777.09589071846,913,100
126894958,-1689.9999999999998,-778.8622347888946,909,100
126999420,-1692.0000000000002,-780.7343969772112,924,100
127094945,-1694.0000000000002,-782.445297241211,919,100
127199411,-1696.0,-784.3761204242708,908,100
127295061,-1698.0,-786.145640230179,918,100
127402746,-1700.0,-788.0854358673095,919,100
127499790,-1702.0,-789.8349226474761,922,100
127598914,-1704.0,-791.7678234748842,910,100
127799858,-1705.9999999999998,-795.8497702517103,908,100
127897881,-1707.9999999999998,-797.9185030937197,910,100
127998334,-1710.0000000000002,-800.028028011322,908,100
128092688,-1712.0,-802.0094552040096,919,100
128198502,-1714.0,-804.1807917594911,914,100
128293885,-1716.0,-806.1361564636231,914,100
128399261,-1718.0,-808.3986252307888,912,100
128598330,-1720.0,-812.6279378890987,901,100
128692731,-1722.0,-814.6103564262386,909,100
128789368,-1724.0000000000002,-816.6397286415096,909,100
128799287,-1725.9999999999998,-816.8480351448059,919,100
128999360,-1728.0,-821.0495687446592,918,100
129095512,-1730.0,-823.0687571487422,904,100
129189904,-1732.0,-824.9950678298719,910,100
129200459,-1734.0,-825.2103587155312,912,100
129399343,-1736.0,-829.2775366306305,917,100
129599557,-1738.0,-833.4327143669126,910,100
129694928,-1739.9999999999998,-835.4355005264277,903,100
129793621,-1742.0000000000002,-837.6036623001095,906,100
129799695,-1744.0000000000002,-837.7372918395995,906,100
130000004,-1746.0,-842.0528498050553,899,100
130097876,-1748.0,-844.1179745674128,902,100
130199776,-1750.0,-846.2069207668305,894,100
130298258,-1752.0,-848.2251750946044,904,100
130398399,-1754.0,-850.2279808044431,891,100
130494507,-1755.9999999999998,-852.1501590728756,903,100
130599351,-1757.9999999999998,-854.2470352172845,905,100
130695160,-1760.0000000000002,-856.163205337524,902,100
130798630,-1762.0,-858.1309848785401,900,100
130895593,-1764.0,-859.9732805252077,911,100
131000381,-1766.0,-861.7574906272887,907,100
131199399,-1768.0,-864.979288680043,907,100
131295791,-1770.0,-866.4659338519344,907,100
131400231,-1772.0,-867.9823581695558,899,100
131495889,-1774.0000000000002,-869.3694035530092,904,100
131599373,-1775.9999999999998,-870.8192260742186,910,100
131799441,-1778.0,-873.6709073047637,909,100
131896091,-1780.0,-875.0723271827698,906,100
131994045,-1782.0,-876.5479266794482,909,100
131999999,-1784.0,-876.6376851642548,913,100
132198399,-1786.0,-879.5702860832215,907,100
132293920,-1788.0,-880.9553401947022,905,100
132398343,-1789.9999999999998,-882.5708203792569,911,100
132493825,-1792.0000000000002,-884.0507967948909,903,100
132598373,-1794.0000000000002,-885.620599365234,904,100
132695100,-1796.0,-887.071502780914,912,100
132799394,-1798.0,-888.738314819336,910,100
132999557,-1800.0,-891.9922041454313,901,100
133094799,-1802.0,-893.5636975326535,906,100
133190732,-1804.0,-895.1855301358805,910,100
133200214,-1805.9999999999998,-895.3459157611595,904,100
133399377,-1807.9999999999998,-898.824796485901,910,100
133498194,-1810.0000000000002,-900.6032084941864,913,100
133599609,-1812.0,-902.2765538692472,909,100
133697344,-1814.0,-903.8891880512233,911,100
133799579,-1816.0,-905.5760581970216,902,100
133998999,-1818.0,-908.8664976081847,905,100
134096512,-1820.0,-910.475449653625,910,100
134191041,-1822.0,-911.9961484056021,909,100
134198605,-1823.9999999999998,-912.1177693889368,915,100
134398570,-1826.0000000000002,-915.3759165763853,910,100
134494452,-1828.0,-916.9579607009885,912,100
134599278,-1830.0,-918.7898790836329,916,100
134693748,-1832.0,-920.4430961608883,908,100
134798540,-1834.0,-922.2769615650177,909,100
134894070,-1836.0,-923.94872879982,913,100
134999321,-1838.0,-925.7906301021574,911,100
135199377,-1839.9999999999998,-929.3427964859004,912,100
135293812,-1842.0000000000002,-931.0426303558346,904,100
135399557,-1844.0000000000002,-932.9878803974361,904,100
135495229,-1846.0,-934.7489916141948,906,100
135599377,-1848.0,-936.6754852771758,921,100
135694653,-1850.0,-938.4380978584286,906,100
135800386,-1852.0,-940.3941427230835,915,100
135896816,-1854.0,-942.178112125397,910,100
136001265,-1855.9999999999998,-944.0587841339108,904,100
136198338,-1857.9999999999998,-947.6151771430393,909,100
136292134,-1860.0000000000002,-949.3119851577223,912,100
136387857,-1862.0,-951.0354333877564,898,100
136399553,-1864.0,-951.2459623336788,916,100
136598390,-1866.0,-954.7743330001825,905,100
136694881,-1868.0,-956.4629230499262,913,100
136798690,-1870.0,-958.2287446975707,911,100
136894924,-1872.0,-959.8647119522095,908,100
136998368,-1873.9999999999998,-961.6739574909208,913,100
137199338,-1876.0000000000002,-965.2421012573238,914,100
137293795,-1878.0,-966.9423213653561,907,100
137389479,-1880.0,-968.7483721149499,904,100
137400398,-1882.0,-968.9548063553389,913,100
137599343,-1884.0,-972.6748501300809,907,100
137695937,-1886.0,-974.461836481094,909,100
137791672,-1888.0,-976.0924351692197,912,100
137800604,-1889.9999999999998,-976.2442843437195,916,100
137999746,-1892.0000000000002,-979.8331850585934,914,100
138098027,-1894.0000000000002,-981.700502230773,909,100
138199360,-1896.0,-983.584589309309,908,100
138398562,-1898.0,-987.2788991928098,919,100
138493735,-1900.0,-989.0396063327785,921,100
138589458,-1902.0,-990.8567049026485,902,100
138599321,-1904.0,-991.044112682342,912,100
138798506,-1905.9999999999998,-994.7778670787812,916,100
138894211,-1907.9999999999998,-996.5484189987185,904,100
138998343,-1910.0000000000002,-998.626865005493,910,100
139093735,-1912.0,-1000.5347095489498,922,100
139198343,-1914.0,-1002.6268650054931,905,100
139293885,-1916.0,-1004.5377136230469,912,100
139400326,-1918.0,-1006.5631942214964,914,100
139494096,-1920.0,-1008.3448247375484,908,100
139599381,-1922.0,-1010.2846414632461,918,100
139799536,-1923.9999999999998,-1014.1307273864745,908,100
139896203,-1926.0000000000002,-1016.0640636444093,909,100
139999553,-1928.0,-1018.1818474769589,902,100
140097765,-1930.0,-1020.1951886653897,910,100
140207804,-1932.0,-1022.5607975006101,911,100
140208804,-1934.0,-1022.5822975006101,919,100
140303614,-1936.0,-1024.615677476049,907,100
140401165,-1938.0,-1026.6255195004255,917,100
140402165,-1939.9999999999998,-1026.646122515501,917,100
140495984,-1942.0000000000002,-1028.5790723120142,909,100
140598592,-1944.0000000000002,-1030.6826392650598,908,100
140798562,-1946.0,-1034.7312423706055,903,100
140894490,-1948.0,-1036.6498157501223,913,100
141001789,-1950.0,-1038.743392372131,913,100
141109502,-1952.0,-1040.8500514984125,909,100
141198729,-1954.0,-1042.634589767456,909,100
141401639,-1955.9999999999998,-1046.7451040344238,909,100
141501619,-1957.9999999999998,-1048.7896243024227,906,100
141599605,-1960.0000000000002,-1050.6908439408483,913,100
141698409,-1962.0,-1052.6077715873714,910,100
141800635,-1964.0,-1054.5500650405884,904,100
141999540,-1966.0,-1058.4308132171627,910,100
142095156,-1968.0,-1060.3431209564205,908,100
142199832,-1970.0,-1062.3857320480347,908,100
142398566,-1972.0,-1066.3214353781846,909,100
142494829,-1973.9999999999998,-1068.2563782658403,901,100
142599407,-1976.0000000000002,-1070.245743465423,903,100
142798510,-1978.0,-1074.0287017822266,901,100
142896636,-1980.0,-1075.8930945396426,906,100
142992917,-1982.0,-1077.7224254608154,903,100
143001441,-1984.0,-1077.8843930244443,898,100
143199536,-1986.0,-1081.5969214916229,907,100
143399742,-1988.0,-1085.2493612289427,907,100
143498529,-1989.9999999999998,-1087.0267596244807,911,100
143593749,-1992.0000000000002,-1088.6931195259092,913,100
143600373,-1994.0000000000002,-1088.8090313243863,909,100
143799497,-1996.0,-1092.182798806945,903,100
143897228,-2000.0,-1093.787339475262,905,100
144000510,-2000.0,-1095.3889134883877,901,100
144095336,-2000.0,-1096.8587125301356,898,100
144199377,-2000.0,-1098.4713525295253,899,100
144295267,-2000.0,-1099.9576482295986,899,100
144399304,-2000.0,-1101.6208728637696,904,100
144598360,-2000.0,-1104.8138358418064,903,100
144692868,-2000.0,-1106.333565226032,889,100
144798785,-2000.0,-1107.977671813965,892,100
144895121,-2000.0,-1109.4708854675296,890,100
144998407,-2000.0,-1110.9704105377195,880,100
145095383,-2000.0,-1112.3765596866606,886,100
145198399,-2000.0,-1113.9209856033326,883,100
145294035,-2000.0,-1115.3555382728578,883,100
145399356,-2000.0,-1116.8841627597808,875,100
145599399,-2000.0,-1119.5287884826657,886,100
145695014,-2000.0,-1120.6761731262204,876,100
145791908,-2000.0,-1121.5027103253265,884,100
145801081,-2000.0,-1121.5802897856604,877,100
146000373,-2000.0,-1123.1166125297545,879,100
146098885,-2000.0,-1123.8048696517942,876,100
146199733,-2000.0,-1124.3595357894897,870,100
146295477,-2000.0,-1124.8861285209655,866,100
146399162,-2000.0,-1125.3046517333985,869,100
146494031,-2000.0,-1125.684126373291,879,100
146598360,-2000.0,-1126.0025942203386,868,100
146798506,-2000.0,-1126.4015063285829,874,100
146894782,-2000.0,-1126.497782611847,870,100
146998429,-2000.0,-1126.5,876,100
147094173,-2000.0,-1126.5,871,100
147198364,-2000.0,-1126.1959058761597,875,100
147293409,-2000.0,-1125.9107720375061,859,100
147398364,-2000.0,-1125.3424941062929,877,100
147599480,-2000.0,-1124.1338762340547,871,100
147696095,-2000.0,-1123.505876689911,876,100
147790608,-2000.0,-1122.8945728188132,875,100
147799377,-2000.0,-1122.8378564312684,877,100
148000742,-2000.0,-1121.4294328212738,886,100
148099095,-2000.0,-1120.6912345886233,884,100
148199437,-2000.0,-1119.8884986877445,881,100
148294992,-2000.0,-1119.1240562438968,880,100
148398600,-2000.0,-1118.3454944324494,885,100
148494160,-2000.0,-1117.6287974548338,874,100
148599283,-2000.0,-1116.7347675189303,892,100
148798746,-2000.0,-1115.035153436661,887,100
148893181,-2000.0,-1114.2324541091918,888,100
148989616,-2000.0,-1113.3664475440978,887,100
148999287,-2000.0,-1113.279413509369,887,100
149198338,-2000.0,-1111.5892883300783,897,100
149293932,-2000.0,-1110.8245368957519,892,100
149398377,-2000.0,-1110.1917345046998,883,100
149494104,-2000.0,-1109.6173727035523,891,100
149598360,-2000.0,-1109.2452385425568,891,100
149799471,-2000.0,-1108.6438200092316,897,100
149894585,-2000.0,-1108.4060368156433,886,100
149990385,-2000.0,-1108.2141588125655,888,100
150001785,-2000.0,-1108.1914723714192,891,100
150199510,-2000.0,-1107.898489379883,887,100
150296576,-2000.0,-1107.8014234542848,895,100
150391136,-2000.0,-1107.753431892395,890,100
150400394,-2000.0,-1107.7488026618958,893,100
150598373,-2000.0,-1107.5996267089845,889,100
150695319,-2000.0,-1107.5026809463502,884,100
150799145,-2000.0,-1107.5508270186995,895,100
150893666,-2000.0,-1107.5983250316065,896,100
150998360,-2000.0,-1107.7013604164124,894,100
151096803,-2000.0,-1107.7998039245606,893,100
151199347,-2000.0,-1107.9023474693297,890,100
151398574,-2000.0,-1108.2539374828339,889,100
151493701,-2000.0,-1108.4917528629303,886,100
151598377,-2000.0,-1108.80413274765,885,100
151695919,-2000.0,-1109.096759605408,904,100
151799399,-2000.0,-1109.4071971206665,889,100
151999459,-2000.0,-1110.0568228119048,878,100
152093967,-2000.0,-1110.3859557460196,888,100
152190968,-2000.0,-1110.7253909587862,887,100
152200579,-2000.0,-1110.7590272426605,881,100
152399549,-2000.0,-1111.404647731781,885,100
152502022,-2000.0,-1111.710056257248,878,100
152597740,-2000.0,-1111.9493522167206,890,100
152600643,-2000.0,-1111.9566087818146,883,100
152798343,-2000.0,-1112.5025424631397,887,100
152998480,-2000.0,-1113.1551820278166,893,100
153093525,-2000.0,-1113.4878381729125,889,100
153189488,-2000.0,-1113.8237086772917,888,100
153198334,-2000.0,-1113.8546713352205,888,100
153398326,-2000.0,-1114.402652168274,888,100
153494701,-2000.0,-1114.5954021453856,869,100
153590638,-2000.0,-1114.6468191623687,890,100
153599278,-2000.0,-1114.6511394023896,884,100
153798493,-2000.0,-1114.9029869079588,884,100
153894623,-2000.0,-1115.0952476501463,875,100
154000484,-2000.0,-1115.3069695968627,890,100
154098696,-2000.0,-1115.50337624621,878,100
154199497,-2000.0,-1115.703975612963,884,100
154399544,-2000.0,-1116.0015449523926,868,100
154496177,-2000.0,-1116.098177433014,892,100
154599467,-2000.0,-1116.201467704773,895,100
154695126,-2000.0,-1116.2971260070801,882,100
154798703,-2000.0,-1116.3,881,100
154894585,-2000.0,-1116.3,892,100
155003154,-2000.0,-1116.141476290909,879,100
155099468,-2000.0,-1115.9975310325622,886,100
155198733,-2000.0,-1115.8982662200926,878,100
155295567,-2000.0,-1115.8014320373536,887,100
155399347,-2000.0,-1115.6464787960053,883,100
155598429,-2000.0,-1115.3478563785552,882,100
155695949,-2000.0,-1115.2015751361848,877,100
155798471,-2000.0,-1115.0985280036928,892,100
155894387,-2000.0,-1115.0026122093202,882,100
155999356,-2000.0,-1114.948821937561,891,100
156200459,-2000.0,-1114.8485278362066,890,100
156297572,-2000.0,-1114.8002128449245,896,100
156394054,-2000.0,-1114.6078910827637,889,100
156400347,-2000.0,-1114.5953050613405,889,100
156599334,-2000.0,-1114.1973306655884,881,100
156696868,-2000.0,-1114.0022632598877,891,100
156791406,-2000.0,-1113.813186836243,884,100
156799270,-2000.0,-1113.7974595565797,883,100
156998351,-2000.0,-1113.6000000000001,885,100
157198489,-2000.0,-1113.6507445812226,886,100
157293555,-2000.0,-1113.698277616501,886,100
157389179,-2000.0,-1113.7921792030336,888,100
157398386,-2000.0,-1113.8013861656189,887,100
157494143,-2000.0,-1113.8971431732177,889,100
157598364,-2000.0,-1113.9506823539732,888,100
157798489,-2000.0,-1114.0,883,100
157893924,-2000.0,-1114.0,884,100
157999347,-2000.0,-1114.0,892,100
158095486,-2000.0,-1114.0,892,100
158200192,-2000.0,-1114.0,884,100
158296327,-2000.0,-1114.0,885,100
158400321,-2000.0,-1114.0,884,100
158599343,-2000.0,-1114.0506716251373,885,100
158695868,-2000.0,-1114.0989342212677,883,100
158791432,-2000.0,-1114.1467161655426,893,100
158800291,-2000.0,-1114.151145839691,888,100
158998360,-2000.0,-1114.2501802082063,883,100
159094336,-2000.0,-1114.2981681461333,882,100
159198489,-2000.0,-1114.4009941331105,887,100
159294057,-2000.0,-1114.4970425553058,889,100
159398381,-2000.0,-1114.6520728111266,886,100
159494005,-2000.0,-1114.7955087661742,879,100
159599304,-2000.0,-1114.9023045539857,890,100
159798570,-2000.0,-1115.0,887,100
159893173,-2000.0,-1115.0,892,100
159998961,-2000.0,-1115.1019612312318,879,100
160094636,-2000.0,-1115.1976366996767,890,100
160200308,-2000.0,-1115.25165442276,875,100
160399746,-2000.0,-1115.4022354771248,880,100
160495366,-2000.0,-1115.4973794358286,885,100
160591007,-2000.0,-1115.5,881,100
160599394,-2000.0,-1115.5,885,100
160799502,-2000.0,-1115.5,882,100
160895696,-2000.0,-1115.5,880,100
160990046,-2000.0,-1115.3619307518004,881,100
160999321,-2000.0,-1115.348017419815,894,100
161198330,-2000.0,-1115.0991654515867,885,100
161293859,-2000.0,-1115.0031558472908,885,100
161398360,-2000.0,-1114.8986395835877,886,100
161494147,-2000.0,-1114.802852535248,874,100
161598356,-2000.0,-1114.749321937561,886,100
161695194,-2000.0,-1114.7009027004242,884,100
161799308,-2000.0,-1114.49538230896,881,100
161998411,-2000.0,-1114.0971761703493,887,100
162093250,-2000.0,-1113.907498931885,884,100
162200622,-2000.0,-1113.7445668087005,891,100
162298898,-2000.0,-1113.59811117827,881,100
162399463,-2000.0,-1113.4980463549866,891,100
162502018,-2000.0,-1113.4,875,100
162606740,-2000.0,-1113.4,896,100
162607740,-2000.0,-1113.4,887,100
162701546,-2000.0,-1113.398226928711,886,100
162800324,-2000.0,-1113.3488378047944,886,100
162800501,-2000.0,-1113.3487490177154,891,100
162998592,-2000.0,-1113.1491117610933,883,100
163094872,-2000.0,-1113.0046908988954,883,100
163198373,-2000.0,-1112.8991223205874,890,100
163401244,-2000.0,-1112.7478778362274,888,100
163501674,-2000.0,-1112.6929877758027,885,100
163598656,-2000.0,-1112.5475152015688,882,100
163697932,-2000.0,-1112.4,893,100
163798896,-2000.0,-1112.4,884,100
163998806,-2000.0,-1112.5018067359924,887,100
164095731,-2000.0,-1112.5987310409546,880,100
164199265,-2000.0,-1112.651132965088,883,100
164399587,-2000.0,-1112.7,900,100
164495460,-2000.0,-1112.7,882,100
164599390,-2000.0,-1112.7,884,100
164799489,-2000.0,-1112.7,882,100
164894692,-2000.0,-1112.7,890,100
164990265,-2000.0,-1112.7922650337218,888,100
165000566,-2000.0,-1112.8025663375854,884,100
165198351,-2000.0,-1112.8999999999999,898,100
165294683,-2000.0,-1112.8999999999999,882,100
165389016,-2000.0,-1112.8542632539068,890,100
165399261,-2000.0,-1112.8491147544516,882,100
165598403,-2000.0,-1112.6985966682435,875,100
165798502,-2000.0,-1112.6507510185243,885,100
165892782,-2000.0,-1112.6978913784028,899,100
165997577,-2000.0,-1112.8508666038513,888,100
165998351,-1998.0,-1112.8520277500152,884,100
166198326,-1996.0,-1113.1519891262055,879,100
166294323,-1994.0000000000002,-1113.2959851264955,879,100
166390256,-1992.0000000000002,-1113.346628189087,878,100
166399480,-1989.9999999999998,-1113.3512402896881,879,100
166495271,-1988.0,-1113.3991359596253,882,100
166600295,-1986.0,-1113.5541730909206,874,100
166799956,-1984.0,-1113.8529354095458,873,100
166895877,-1982.0,-1113.9968155384065,871,100
167000493,-1980.0,-1114.0512466907503,866,100
167095722,-1978.0,-1114.0988612651824,865,100
167198755,-1976.0000000000002,-1113.9992447624206,859,100
167398605,-1973.9999999999998,-1113.697778826383,865,100
167494915,-1972.0,-1113.504189649419,863,100
167598377,-1970.0,-1113.19586725235,856,100
167695889,-1968.0,-1112.9033305168152,856,100
167798411,-1966.0,-1112.4943523406982,859,100
167894177,-1964.0,-1112.1112899780273,843,100
167998347,-1962.0,-1111.5425885200502,847,100
168198527,-1960.0000000000002,-1110.2385416030884,839,100
168294829,-1957.9999999999998,-1109.516276359558,844,100
168390222,-1955.9999999999998,-1108.4745574951173,843,100
168398532,-1954.0,-1108.3831471443177,847,100
168494173,-1952.0,-1107.3310946464542,838,100
168601823,-1950.0,-1105.727643642426,842,100
168800956,-1948.0,-1102.5932454635847,850,100
168896645,-1946.0,-1101.0222428165264,847,100
169000553,-1944.0000000000002,-1099.0514842033388,841,100
169099589,-1942.0000000000002,-1097.165832138062,838,100
169199772,-1939.9999999999998,-1095.0118933200843,848,100
169399939,-1938.0,-1090.5044170246124,844,100
169498284,-1936.0,-1088.1929946266825,853,100
169599695,-1934.0,-1085.6959502023672,853,100
169698868,-1932.0,-1083.2486258029944,857,100
169799931,-1930.0,-1080.4693942546844,840,100
169895632,-1928.0,-1077.8376107692716,855,100
170000716,-1926.0000000000002,-1074.844080638886,851,100
170097803,-1923.9999999999998,-1072.0770902156837,848,100
170199570,-1922.0,-1069.1767370700836,850,100
170400158,-1920.0,-1063.4599807739262,850,100
170499456,-1918.0,-1060.6312294006354,859,100
170600574,-1916.0,-1057.7999022216804,857,100
170699769,-1914.0,-1055.0228412685115,862,100
170800682,-1912.0,-1052.2113414403811,863,100
170899254,-1910.0000000000002,-1049.4648750305175,861,100
171000145,-1907.9999999999998,-1046.639918518067,859,100
171199351,-1905.9999999999998,-1041.1128245830544,871,100
171293812,-1904.0,-1038.515148067475,867,100
171398519,-1902.0,-1035.7865007171633,869,100
171493443,-1900.0,-1033.318465019226,870,100
171598368,-1898.0,-1030.6781658421814,871,100
171695786,-1896.0,-1028.2304816356263,853,100
171798643,-1894.0000000000002,-1025.7605522155761,879,100
171894447,-1892.0000000000002,-1023.4612510681151,860,100
171998635,-1889.9999999999998,-1021.0623932838442,868,100
172198480,-1888.0,-1016.567427253723,875,100
172294568,-1886.0,-1014.4535032272337,870,100
172389788,-1884.0,-1012.4514393806459,870,100
172400184,-1882.0,-1012.2331293106082,870,100
172599446,-1880.0,-1008.2022981815344,868,100
172696623,-1878.0,-1006.3073368244176,871,100
172799639,-1876.0000000000002,-1004.4616829943301,868,100
172896426,-1873.9999999999998,-1002.728184919215,878,100
172999394,-1872.0,-1000.9762892723087,876,100
173095284,-1870.0,-999.3461585044865,874,100
173200570,-1868.0,-997.6588699340825,872,100
173398394,-1866.0,-994.54388139534,866,100
173493520,-1864.0,-993.0694260387421,866,100
173598750,-1862.0,-991.5317701330139,872,100
173695649,-1860.0000000000002,-990.1196806270276,866,100
173798463,-1857.9999999999998,-988.7809756278992,871,100
173894816,-1855.9999999999998,-987.5283797264098,868,100
173998334,-1854.0,-986.1826493263246,874,100
174092928,-1852.0,-984.9529273033145,867,100
174198347,-1850.0,-983.5824819564821,874,100
174398592,-1848.0,-980.9793019294741,867,100
174495670,-1846.0,-979.7172775268558,875,100
174590891,-1844.0000000000002,-978.5263559341435,871,100
174599377,-1842.0000000000002,-978.4202811241153,861,100
174800210,-1839.9999999999998,-975.8582681770324,860,100
174899035,-1838.0,-974.5756943887737,864,100
174999347,-1836.0,-973.3779397992947,867,100
175095743,-1834.0,-972.2269374562735,862,100
175199459,-1832.0,-970.9317609786991,860,100
175295877,-1830.0,-969.7265371799473,855,100
175400102,-1828.0,-968.3216114997864,855,100
175598334,-1826.0000000000002,-965.6454819927218,862,100
175692173,-1823.9999999999998,-964.3786596546179,859,100
175798557,-1822.0,-962.8851160020686,865,100
175894722,-1820.0,-961.5320447988845,860,100
175998643,-1818.0,-960.0769887924196,856,100
176095280,-1816.0,-958.7240739822391,847,100
176198549,-1814.0,-957.0244374752045,854,100
176294229,-1812.0,-955.4457214355468,854,100
176399433,-1810.0000000000002,-953.6074172496799,859,100
176598566,-1807.9999999999998,-950.0210214138036,849,100
176697743,-1805.9999999999998,-948.1858683586123,852,100
176795951,-1804.0,-946.3199263572695,858,100
176800763,-1802.0,-946.2284887847899,849,100
176999403,-1800.0,-942.413069682335,858,100
177199459,-1798.0,-938.4708175659184,857,100
177294194,-1796.0,-936.5761051177983,857,100
177392179,-1794.0000000000002,-934.4280607223516,859,100
177401304,-1792.0000000000002,-934.2273014068603,859,100
177501202,-1789.9999999999998,-932.0263351440427,855,100
177598600,-1788.0,-929.7861829261784,854,100
177798562,-1786.0,-925.2259822442903,857,100
177894662,-1784.0,-923.0528591961116,868,100
177998544,-1782.0,-920.8675559997563,853,100
178094250,-1780.0,-918.8577403068548,856,100
178198381,-1778.0,-916.6202897071839,861,100
178294529,-1775.9999999999998,-914.5531176567076,856,100
178399416,-1774.0000000000002,-912.1956369876864,864,100
178598467,-1772.0,-907.6662427902228,862,100
178693971,-1770.0,-905.4696552276617,860,100
178798330,-1768.0,-903.0187361717225,865,100
178894164,-1766.0,-900.7666311740874,864,100
178999368,-1764.0,-898.3455130119327,863,100
179096035,-1762.0,-896.122176315308,869,100
179199377,-1760.0000000000002,-893.7570304491039,868,100
179296374,-1757.9999999999998,-891.5371926340898,865,100
179399570,-1755.9999999999998,-889.4178006172181,875,100
179599514,-1754.0,-885.2681868553166,872,100
179696070,-1752.0,-883.2405269622809,866,100
179792998,-1750.0,-881.3475245475773,863,100
179799338,-1748.0,-881.223891717911,863,100
179998553,-1746.0,-877.3798822374204,872,100
180094353,-1744.0000000000002,-875.5505369751902,875,100
180198476,-1742.0000000000002,-873.6226886749268,866,100
180294482,-1739.9999999999998,-871.8465792179106,868,100
180398326,-1738.0,-870.0774565696719,870,100
180494786,-1736.0,-868.4376226425176,875,100
180599407,-1734.0,-866.6590716362006,871,100
180798330,-1732.0,-863.3787139892579,870,100
180892988,-1730.0,-861.8641799926758,875,100
180999755,-1728.0,-860.3100490550996,864,100
181096336,-1725.9999999999998,-858.9096248130801,868,100
181199407,-1724.0000000000002,-857.4734261432101,866,100
181296035,-1722.0,-856.1273618176212,871,100
181399373,-1720.0,-854.7314605712892,863,100
181495035,-1718.0,-853.4400155544281,856,100
181599330,-1716.0,-852.0320399284366,863,100
181798544,-1714.0,-849.3426431427002,878,100
181895087,-1712.0,-848.0393213043212,868,100
181989728,-1710.0000000000002,-846.7093474651701,863,100
181999300,-1707.9999999999998,-846.5746696740542,862,100
182198780,-1705.9999999999998,-843.7241756916046,866,100
182298078,-1704.0,-842.2843616008757,857,100
182398381,-1702.0,-840.8299628257753,867,100
182494743,-1700.0,-839.4327121734623,858,100
182598699,-1698.0,-837.8745082855229,860,100
182798566,-1696.0,-834.8257206439973,866,100
182894834,-1694.0000000000002,-833.3335712909698,856,100
182990149,-1692.0000000000002,-831.7630400180817,854,100
182999394,-1689.9999999999998,-831.6104866466525,863,100
183199484,-1688.0,-828.2664250691736,863,100
183295731,-1686.0,-826.6383791757464,862,100
183401403,-1684.0,-824.9972506046295,860,100
183497773,-1682.0,-823.5035048007963,861,100
183599403,-1680.0,-821.8775466918947,850,100
183696374,-1678.0,-820.3260025024416,862,100
183799278,-1675.9999999999998,-818.5276209163668,869,100
183998424,-1674.0000000000002,-815.0337348592943,862,100
184093211,-1672.0,-813.3666246941345,867,100
184189101,-1670.0,-811.5961138248448,857,100
184199317,-1668.0,-811.407127571106,849,100
184398399,-1666.0,-807.6734182357791,858,100
184495937,-1664.0,-805.8201963424686,860,100
184599368,-1662.0,-803.9061748504644,857,100
184698374,-1660.0000000000002,-802.0745694160465,853,100
184798360,-1657.9999999999998,-800.2248322963715,861,100
184998484,-1655.9999999999998,-796.4210450172427,861,100
185093456,-1654.0,-794.5690977096563,858,100
185189269,-1652.0,-792.6546134948734,857,100
185200283,-1650.0,-792.4343380737309,859,100
185399570,-1648.0,-788.3567316083765,853,100
185496027,-1646.0,-786.3412220741385,856,100
185599368,-1644.0000000000002,-784.1205665111545,867,100
185694018,-1642.0000000000002,-782.0855959892278,859,100
185799544,-1639.9999999999998,-779.8675559997558,862,100
185895465,-1638.0,-777.8532341957091,857,100
185998390,-1636.0,-775.7419956283574,859,100
186198506,-1634.0,-771.5787609042834,860,100
186295237,-1632.0,-769.5371981865197,873,100
186389878,-1630.0,-767.5031074523927,858,100
186399356,-1628.0,-767.2993448734287,868,100
186598420,-1625.9999999999998,-763.0701695442207,866,100
186697584,-1624.0000000000002,-760.9883003234868,854,100
186798635,-1622.0,-758.9672985076904,856,100
186895104,-1620.0,-757.0379104614257,864,100
186999317,-1618.0,-754.9024927139285,856,100
187094276,-1616.0,-752.9558376789098,866,100
187199351,-1614.0,-750.8529633331303,857,100
187399471,-1612.0,-746.9117373850808,869,100
187495156,-1610.0000000000002,-745.055181161681,865,100
187599343,-1607.9999999999998,-743.1758214950564,862,100
187694636,-1605.9999999999998,-741.4605381011968,865,100
187799566,-1604.0,-739.4702382087708,860,100
187895362,-1602.0,-737.6501212120055,861,100
187999278,-1600.0,-735.6757027091984,865,100
188095610,-1598.0,-733.8453933181768,859,100
188198605,-1596.0,-731.777788263829,865,100
188295010,-1594.0000000000002,-729.8399987302232,866,100
188399557,-1592.0,-727.9026815414431,864,100
188598403,-1590.0,-724.2240383625035,859,100
188696997,-1588.0,-722.4000546932225,869,100
188794187,-1586.0,-720.6020326614383,867,100
188799356,-1584.0,-720.5064130306245,863,100
188998338,-1582.0,-716.825229263306,860,100
189198506,-1580.0,-713.1728860855103,860,100
189294104,-1578.0,-711.4521181106566,865,100
189390161,-1576.0,-709.7696656227112,872,100
189399566,-1574.0,-709.605087823868,858,100
189599553,-1572.0,-706.1652635792599,873,100
189697709,-1570.0,-704.5049137476076,858,100
189799334,-1568.0,-702.7266433238983,861,100
189894628,-1566.0,-701.0590066909789,867,100
189999394,-1564.0,-699.2762892723085,870,100
190095327,-1562.0,-697.6454289436343,867,100
190199283,-1560.0,-695.8275458145142,866,100
190398334,-1558.0,-692.3857393542729,872,100
190492941,-1555.9999999999998,-690.769340461463,863,100
190589471,-1554.0,-689.0355215072635,860,100
190599364,-1552.0,-688.857436561585,860,100
190799326,-1550.0,-685.3604578018188,865,100
190897353,-1548.0,-683.6945247650145,860,100
190998562,-1546.0,-682.125787162781,870,100
191094499,-1544.0000000000002,-680.6387597560886,865,100
191199386,-1542.0,-678.9618225097656,866,100
191399471,-1540.0,-675.7604480590823,866,100
191494817,-1538.0,-674.2349277343753,866,100
191592998,-1536.0,-672.5283801292309,856,100
191600416,-1534.0,-672.3992215493429,867,100
191799476,-1532.0,-668.9241649627685,854,100
191895460,-1530.0,-667.24443693161,856,100
191999635,-1528.0,-665.5738388061526,864,100
192097696,-1526.0,-664.0048538208011,864,100
192198570,-1524.0,-662.2902980728151,865,100
192295615,-1522.0,-660.6405421180725,855,100
192401518,-1520.0,-658.7793143210102,860,100
192599600,-1518.0,-655.3044882774359,855,100
192699451,-1516.0,-653.5583193778996,854,100
192805409,-1514.0,-651.7570336341861,868,100
192912582,-1512.0,-650.1999999999999,862,100
192913582,-1510.0,-649.9098101806642,854,100
192914582,-1508.0,-649.8923101806641,856,100
192998617,-1505.9999999999998,-648.4216866016391,862,100
193096537,-1504.0,-646.7080876350408,859,100
193199017,-1500.0,-644.8126851081848,848,100
193400429,-1500.0,-641.0348488388063,857,100
193498799,-1500.0,-639.1641878498139,858,100
193604085,-1500.0,-637.0689473470057,870,100
193710296,-1500.0,-634.9540683746343,857,100
193799660,-1500.0,-633.1667835235596,866,100
193896520,-1500.0,-631.2295848846435,876,100
194000373,-1500.0,-629.0501624107364,870,100
194199502,-1500.0,-624.8177062034613,870,100
194295310,-1500.0,-622.757823324204,884,100
194399321,-1500.0,-620.7242264575959,881,100
194598360,-1500.0,-616.9844346779678,884,100
194696258,-1500.0,-615.2134068398025,885,100
194799420,-1500.0,-613.3564323425294,883,100
194998386,-1500.0,-609.9271282672885,884,100
195094507,-1500.0,-608.3411187648777,890,100
195200343,-1500.0,-606.8015249729157,892,100
195398296,-1500.0,-603.9818553924563,902,100
195492920,-1500.0,-602.6571187973025,899,100
195599510,-1500.0,-601.369872558594,896,100
195696456,-1500.0,-600.2065234069826,899,100
195799326,-1500.0,-599.3345555072992,895,100
195895078,-1500.0,-598.5247066649631,894,100
195999356,-1500.0,-597.9425413131714,903,100
196095362,-1500.0,-597.4145087718965,903,100
196199381,-1500.0,-597.0451634407045,909,100
196398351,-1500.0,-596.6498240833283,897,100
196492430,-1500.0,-596.6027845745086,899,100
196588642,-1500.0,-596.7366473787395,910,100
196599617,-1500.0,-596.7531927175858,907,100
196798682,-1500.0,-597.1033645629883,897,100
196895216,-1500.0,-597.2964321136475,902,100
196998407,-1500.0,-597.7563343048095,905,100
197093246,-1500.0,-598.1831080913543,909,100
197190840,-1500.0,-598.9038002014158,895,100
197201098,-1500.0,-598.9807381153107,899,100
197399527,-1500.0,-600.6227494239806,904,100
197600961,-1500.0,-602.4876310081479,910,100
197702138,-1500.0,-603.4562409130493,899,100
197800562,-1500.0,-604.5335149319018,896,100
197900640,-1500.0,-605.6290469169618,895,100
197999446,-1500.0,-606.7159087181091,901,100
198095808,-1500.0,-607.7758919715878,895,100
198200347,-1500.0,-608.874648427963,898,100
198295718,-1500.0,-609.8760415077207,893,100
198398570,-1500.0,-610.9559923667907,889,100
198598553,-1500.0,-613.0611177108993,879,100
198695855,-1500.0,-614.0879223138242,884,100
198798600,-1500.0,-615.268408536911,879,100
198895319,-1500.0,-616.3806691169739,881,100
198998879,-1500.0,-617.5716164588927,882,100
199095065,-1500.0,-618.677757310867,873,100
199199476,-1500.0,-619.7760002613068,881,100
199398394,-1500.0,-621.6111579895019,880,100
199493065,-1500.0,-622.3685279846189,863,100
199590479,-1500.0,-622.960877227783,876,100
