TimeUS,terrain_z,sub_z,rf
47603000,-20.0,-10.269851684570312,9.635148315429687
47603000,-20.0,-10.269851684570312,9.635148315429687
47853000,-20.0,-10.279592514038086,9.625407485961913
47853000,-20.0,-10.279592514038086,9.625407485961913
48103000,-20.0,-10.257969856262207,9.647030143737792
48103000,-20.0,-10.257969856262207,9.647030143737792
48103000,-20.0,-10.257969856262207,9.647030143737792
48353000,-20.0,-10.24855899810791,9.65644100189209
48353000,-20.0,-10.24855899810791,9.65644100189209
48603000,-20.0,-10.217442512512207,9.687557487487792
48603000,-20.0,-10.217442512512207,9.687557487487792
48853000,-20.0,-10.176019668579102,9.728980331420898
48853000,-20.0,-10.176019668579102,9.728980331420898
48853000,-20.0,-10.176019668579102,9.728980331420898
49103000,-20.0,-10.114752769470215,9.790247230529785
49103000,-20.0,-10.114752769470215,9.790247230529785
49353000,-20.0,-10.057340621948242,9.847659378051757
49353000,-20.0,-10.057340621948242,9.847659378051757
49353000,-20.0,-10.057340621948242,9.847659378051757
49603000,-20.0,-10.006534576416016,9.898465423583984
49603000,-20.0,-10.006534576416016,9.898465423583984
49853000,-20.0,-9.991045951843262,9.913954048156738
49853000,-20.0,-9.991045951843262,9.913954048156738
50103000,-20.0,-9.969911575317383,9.935088424682617
50103000,-20.0,-9.969911575317383,9.935088424682617
50103000,-20.0,-9.969911575317383,9.935088424682617
50353000,-20.0,-9.932333946228027,9.972666053771972
50353000,-20.0,-9.932333946228027,9.972666053771972
50603000,-20.0,-9.919605255126953,9.985394744873046
50603000,-20.0,-9.919605255126953,9.985394744873046
50603000,-20.0,-9.919605255126953,9.985394744873046
50853000,-20.0,-9.883408546447754,10.021591453552245
50853000,-20.0,-9.883408546447754,10.021591453552245
51103000,-20.0,-9.871895790100098,10.033104209899902
51103000,-20.0,-9.871895790100098,10.033104209899902
51103000,-20.0,-9.871895790100098,10.033104209899902
51353000,-20.0,-9.851175308227539,10.05382469177246
51353000,-20.0,-9.851175308227539,10.05382469177246
51603000,-20.0,-9.806716918945312,10.098283081054687
51603000,-20.0,-9.806716918945312,10.098283081054687
51853000,-20.0,-9.78797721862793,10.11702278137207
51853000,-20.0,-9.78797721862793,10.11702278137207
51853000,-20.0,-9.78797721862793,10.11702278137207
52103000,-20.0,-9.847116470336914,10.057883529663085
52103000,-20.0,-9.847116470336914,10.057883529663085
52353000,-20.0,-9.898618698120117,10.006381301879882
52353000,-20.0,-9.898618698120117,10.006381301879882
52353000,-20.0,-9.898618698120117,10.006381301879882
52603000,-20.0,-9.936005592346191,9.968994407653808
52603000,-20.0,-9.936005592346191,9.968994407653808
52853000,-20.0,-9.989298820495605,9.915701179504394
52853000,-20.0,-9.989298820495605,9.915701179504394
52853000,-20.0,-9.989298820495605,9.915701179504394
53103000,-20.0,-10.038268089294434,9.866731910705566
53103000,-20.0,-10.038268089294434,9.866731910705566
53353000,-20.0,-10.035216331481934,9.869783668518066
53353000,-20.0,-10.035216331481934,9.869783668518066
53603000,-20.0,-10.00214958190918,9.90285041809082
53603000,-20.0,-10.00214958190918,9.90285041809082
53603000,-20.0,-10.00214958190918,9.90285041809082
53853000,-20.0,-9.962677001953125,9.942322998046874
53853000,-20.0,-9.962677001953125,9.942322998046874
54103000,-20.0,-9.908015251159668,9.996984748840331
54103000,-20.0,-9.908015251159668,9.996984748840331
54103000,-20.0,-9.908015251159668,9.996984748840331
54353000,-20.0,-9.86777114868164,10.037228851318359
54353000,-20.0,-9.86777114868164,10.037228851318359
54603000,-20.0,-9.861028671264648,10.043971328735351
54603000,-20.0,-9.861028671264648,10.043971328735351
54603000,-20.0,-9.861028671264648,10.043971328735351
54853000,-20.0,-9.86481761932373,10.040182380676269
54853000,-20.0,-9.86481761932373,10.040182380676269
55103000,-20.0,-9.910040855407715,9.994959144592285
55103000,-20.0,-9.910040855407715,9.994959144592285
55353000,-20.0,-9.959344863891602,9.945655136108398
55353000,-20.0,-9.959344863891602,9.945655136108398
55353000,-20.0,-9.959344863891602,9.945655136108398
55603000,-20.0,-9.948994636535645,9.956005363464355
55603000,-20.0,-9.948994636535645,9.956005363464355
55853000,-20.0,-9.910292625427246,9.994707374572753
55853000,-20.0,-9.910292625427246,9.994707374572753
55853000,-20.0,-9.910292625427246,9.994707374572753
56103000,-20.0,-9.880081176757812,10.024918823242187
56103000,-20.0,-9.880081176757812,10.024918823242187
56353000,-20.0,-9.863216400146484,10.041783599853515
56353000,-20.0,-9.863216400146484,10.041783599853515
56353000,-20.0,-9.863216400146484,10.041783599853515
56603000,-20.0,-9.839643478393555,10.065356521606445
56603000,-20.0,-9.839643478393555,10.065356521606445
56853000,-20.0,-9.865994453430176,10.039005546569824
56853000,-20.0,-9.865994453430176,10.039005546569824
57103000,-20.0,-9.918957710266113,9.986042289733886
57103000,-20.0,-9.918957710266113,9.986042289733886
57103000,-20.0,-9.918957710266113,9.986042289733886
57353000,-20.0,-9.977259635925293,9.927740364074706
57353000,-20.0,-9.977259635925293,9.927740364074706
57603000,-20.0,-10.035154342651367,9.869845657348632
57603000,-20.0,-10.035154342651367,9.869845657348632
57603000,-20.0,-10.035154342651367,9.869845657348632
57853000,-20.0,-10.040637016296387,9.864362983703613
57853000,-20.0,-10.040637016296387,9.864362983703613
58103000,-19.97,-10.029150009155273,9.845849990844725
58103000,-19.95,-10.029150009155273,9.825849990844725
58103000,-19.92,-10.029150009155273,9.795849990844728
58353000,-19.9,-9.986725807189941,9.818274192810057
58353000,-19.88,-9.986725807189941,9.798274192810057
58603000,-19.85,-9.935943603515625,9.819056396484376
58603000,-19.82,-9.935943603515625,9.789056396484375
58853000,-19.8,-9.860222816467285,9.844777183532715
58853000,-19.77,-9.860222816467285,9.814777183532714
58853000,-19.75,-9.860222816467285,9.794777183532714
59103000,-19.72,-9.804557800292969,9.82044219970703
59103000,-19.7,-9.804557800292969,9.80044219970703
59353000,-19.67,-9.750896453857422,9.82410354614258
59353000,-19.65,-9.750896453857422,9.804103546142576
59353000,-19.62,-9.750896453857422,9.774103546142578
59603000,-19.6,-9.677153587341309,9.827846412658692
59603000,-19.57,-9.677153587341309,9.797846412658691
59853000,-19.55,-9.601768493652344,9.853231506347656
59853000,-19.52,-9.601768493652344,9.823231506347655
59853000,-19.5,-9.601768493652344,9.803231506347656
60103000,-19.47,-9.542798042297363,9.832201957702635
60103000,-19.45,-9.542798042297363,9.812201957702635
60353000,-19.42,-9.485993385314941,9.83900661468506
60353000,-19.4,-9.485993385314941,9.819006614685057
60603000,-19.38,-9.436981201171875,9.848018798828123
60603000,-19.35,-9.436981201171875,9.818018798828126
60603000,-19.32,-9.436981201171875,9.788018798828125
60853000,-19.3,-9.338109970092773,9.866890029907227
60853000,-19.27,-9.338109970092773,9.836890029907225
61103000,-19.25,-9.20512580871582,9.949874191284179
61103000,-19.22,-9.20512580871582,9.919874191284178
61103000,-19.2,-9.20512580871582,9.899874191284178
61353000,-19.17,-9.11900806427002,9.955991935729982
61353000,-19.15,-9.11900806427002,9.935991935729978
61603000,-19.12,-9.065189361572266,9.959810638427735
61603000,-19.1,-9.065189361572266,9.939810638427735
61603000,-19.07,-9.065189361572266,9.909810638427734
61853000,-19.05,-9.046615600585938,9.908384399414063
61853000,-19.02,-9.046615600585938,9.878384399414061
62103000,-19.0,-9.03841781616211,9.86658218383789
62103000,-18.97,-9.03841781616211,9.836582183837889
62103000,-18.95,-9.03841781616211,9.81658218383789
62353000,-18.93,-8.973020553588867,9.861979446411132
62353000,-18.9,-8.973020553588867,9.83197944641113
62603000,-18.88,-8.889410972595215,9.895589027404784
62603000,-18.85,-8.889410972595215,9.865589027404786
62853000,-18.82,-8.843379974365234,9.881620025634765
62853000,-18.8,-8.843379974365234,9.861620025634766
62853000,-18.77,-8.843379974365234,9.831620025634765
63103000,-18.75,-8.794108390808105,9.860891609191894
63103000,-18.72,-8.794108390808105,9.830891609191893
63353000,-18.7,-8.699914932250977,9.905085067749022
63353000,-18.67,-8.699914932250977,9.875085067749025
63353000,-18.65,-8.699914932250977,9.855085067749021
63603000,-18.62,-8.626103401184082,9.898896598815918
63603000,-18.6,-8.626103401184082,9.878896598815919
63853000,-18.57,-8.595931053161621,9.879068946838379
63853000,-18.55,-8.595931053161621,9.859068946838379
63853000,-18.52,-8.595931053161621,9.829068946838378
64103000,-18.5,-8.577024459838867,9.827975540161132
64103000,-18.47,-8.577024459838867,9.797975540161131
64353000,-18.45,-8.570937156677246,9.784062843322753
64353000,-18.42,-8.570937156677246,9.754062843322755
64603000,-18.4,-8.53378963470459,9.771210365295408
64603000,-18.38,-8.53378963470459,9.751210365295409
64603000,-18.35,-8.53378963470459,9.721210365295411
64853000,-18.32,-8.432162284851074,9.792837715148925
64853000,-18.3,-8.432162284851074,9.772837715148926
65103000,-18.27,-8.301913261413574,9.873086738586425
65103000,-18.25,-8.301913261413574,9.853086738586425
65103000,-18.22,-8.301913261413574,9.823086738586424
65353000,-18.2,-8.206244468688965,9.898755531311034
65353000,-18.17,-8.206244468688965,9.868755531311036
65603000,-18.15,-8.101495742797852,9.953504257202146
65603000,-18.12,-8.101495742797852,9.923504257202149
65603000,-18.1,-8.101495742797852,9.90350425720215
65853000,-18.07,-8.012429237365723,9.962570762634277
65853000,-18.05,-8.012429237365723,9.942570762634277
66103000,-18.02,-7.946156024932861,9.978843975067138
66103000,-18.0,-7.946156024932861,9.958843975067138
66353000,-17.98,-7.923073768615723,9.961926231384277
66353000,-17.95,-7.923073768615723,9.931926231384276
66353000,-17.92,-7.923073768615723,9.901926231384278
66603000,-17.9,-7.915448188781738,9.88955181121826
66603000,-17.88,-7.915448188781738,9.86955181121826
66853000,-17.85,-7.910015106201172,9.844984893798829
66853000,-17.82,-7.910015106201172,9.814984893798828
66853000,-17.8,-7.910015106201172,9.794984893798828
67103000,-17.77,-7.873517036437988,9.80148296356201
67103000,-17.75,-7.873517036437988,9.781482963562011
67353000,-17.73,-7.812509059906006,9.822490940093994
67353000,-17.7,-7.812509059906006,9.792490940093993
67353000,-17.67,-7.812509059906006,9.762490940093995
67603000,-17.65,-7.7506327629089355,9.804367237091062
67603000,-17.62,-7.7506327629089355,9.774367237091065
67853000,-17.6,-7.65577507019043,9.849224929809571
67853000,-17.57,-7.65577507019043,9.81922492980957
68103000,-17.55,-7.590086460113525,9.864913539886475
68103000,-17.52,-7.590086460113525,9.834913539886474
68103000,-17.5,-7.590086460113525,9.814913539886474
68353000,-17.47,-7.539650917053223,9.835349082946776
68353000,-17.45,-7.539650917053223,9.815349082946776
68603000,-17.42,-7.476528167724609,9.848471832275392
68603000,-17.4,-7.476528167724609,9.828471832275389
68603000,-17.38,-7.476528167724609,9.808471832275389
68853000,-17.35,-7.383444309234619,9.871555690765382
68853000,-17.32,-7.383444309234619,9.84155569076538
69103000,-17.3,-7.288742542266846,9.916257457733154
69103000,-17.27,-7.288742542266846,9.886257457733153
69103000,-17.25,-7.288742542266846,9.866257457733154
69353000,-17.22,-7.235886573791504,9.889113426208494
69353000,-17.2,-7.235886573791504,9.869113426208495
69603000,-17.17,-7.2051615715026855,9.869838428497316
69603000,-17.15,-7.2051615715026855,9.849838428497312
69853000,-17.12,-7.1326189041137695,9.89238109588623
69853000,-17.1,-7.1326189041137695,9.872381095886231
69853000,-17.07,-7.1326189041137695,9.84238109588623
70103000,-17.05,-7.039937973022461,9.91506202697754
70103000,-17.02,-7.039937973022461,9.885062026977538
70353000,-17.0,-6.963657379150391,9.941342620849609
70353000,-16.97,-6.963657379150391,9.911342620849608
70353000,-16.95,-6.963657379150391,9.891342620849608
70603000,-16.92,-6.948450565338135,9.876549434661866
70603000,-16.9,-6.948450565338135,9.856549434661863
70853000,-16.88,-6.912795543670654,9.872204456329344
70853000,-16.85,-6.912795543670654,9.842204456329346
70853000,-16.82,-6.912795543670654,9.812204456329345
71103000,-16.8,-6.8692827224731445,9.835717277526856
71103000,-16.77,-6.8692827224731445,9.805717277526854
71353000,-16.75,-6.83441686630249,9.82058313369751
71353000,-16.72,-6.83441686630249,9.790583133697508
71353000,-16.7,-6.83441686630249,9.770583133697508
71603000,-16.67,-6.786478519439697,9.788521480560304
71603000,-16.65,-6.786478519439697,9.7685214805603
71853000,-16.62,-6.715956687927246,9.809043312072754
71853000,-16.6,-6.715956687927246,9.789043312072755
72103000,-16.57,-6.590176582336426,9.884823417663574
72103000,-16.55,-6.590176582336426,9.864823417663574
72103000,-16.52,-6.590176582336426,9.834823417663573
72353000,-16.5,-6.483407020568848,9.921592979431152
72353000,-16.47,-6.483407020568848,9.89159297943115
72603000,-16.45,-6.407192230224609,9.94780776977539
72603000,-16.42,-6.407192230224609,9.917807769775392
72603000,-16.4,-6.407192230224609,9.897807769775389
72853000,-16.38,-6.350982189178467,9.934017810821532
72853000,-16.35,-6.350982189178467,9.904017810821534
73103000,-16.32,-6.3361101150512695,9.88888988494873
73103000,-16.3,-6.3361101150512695,9.86888988494873
73103000,-16.27,-6.3361101150512695,9.83888988494873
73353000,-16.25,-6.294687271118164,9.860312728881835
73353000,-16.22,-6.294687271118164,9.830312728881834
73603000,-16.2,-6.238353729248047,9.866646270751952
73603000,-16.17,-6.238353729248047,9.836646270751954
73853000,-16.15,-6.207024097442627,9.847975902557371
73853000,-16.12,-6.207024097442627,9.817975902557373
73853000,-16.1,-6.207024097442627,9.797975902557374
74103000,-16.07,-6.180138111114502,9.794861888885498
74103000,-16.05,-6.180138111114502,9.774861888885498
74353000,-16.02,-6.123006343841553,9.801993656158446
74353000,-16.0,-6.123006343841553,9.781993656158447
74353000,-16.0,-6.123006343841553,9.781993656158447
74603000,-16.0,-6.01612663269043,9.88887336730957
74603000,-16.0,-6.01612663269043,9.88887336730957
74853000,-16.0,-5.935660362243652,9.969339637756347
74853000,-16.0,-5.935660362243652,9.969339637756347
75103000,-16.0,-5.840689659118652,10.064310340881347
75103000,-16.0,-5.840689659118652,10.064310340881347
75103000,-16.0,-5.840689659118652,10.064310340881347
75353000,-16.0,-5.7835869789123535,10.121413021087646
75353000,-16.0,-5.7835869789123535,10.121413021087646
75603000,-16.0,-5.7667951583862305,10.138204841613769
75603000,-16.0,-5.7667951583862305,10.138204841613769
75603000,-16.0,-5.7667951583862305,10.138204841613769
75853000,-16.0,-5.745307922363281,10.159692077636718
75853000,-16.0,-5.745307922363281,10.159692077636718
76103000,-16.0,-5.781582355499268,10.123417644500732
76103000,-16.0,-5.781582355499268,10.123417644500732
76103000,-16.0,-5.781582355499268,10.123417644500732
76353000,-16.0,-5.8224406242370605,10.082559375762939
76353000,-16.0,-5.8224406242370605,10.082559375762939
76603000,-16.0,-5.85760498046875,10.04739501953125
76603000,-16.0,-5.85760498046875,10.04739501953125
76853000,-16.0,-5.91165828704834,9.99334171295166
76853000,-16.0,-5.91165828704834,9.99334171295166
76853000,-16.0,-5.91165828704834,9.99334171295166
77103000,-16.0,-5.957963943481445,9.947036056518554
77103000,-16.0,-5.957963943481445,9.947036056518554
77353000,-16.0,-6.020177364349365,9.884822635650634
77353000,-16.0,-6.020177364349365,9.884822635650634
77353000,-16.0,-6.020177364349365,9.884822635650634
77603000,-16.0,-6.071664810180664,9.833335189819335
77603000,-16.0,-6.071664810180664,9.833335189819335
77853000,-16.0,-6.062636375427246,9.842363624572753
77853000,-16.0,-6.062636375427246,9.842363624572753
77853000,-16.0,-6.062636375427246,9.842363624572753
78103000,-16.0,-6.021405220031738,9.883594779968261
78103000,-16.0,-6.021405220031738,9.883594779968261
78353000,-16.0,-6.0011773109436035,9.903822689056396
78353000,-16.0,-6.0011773109436035,9.903822689056396
78353000,-16.0,-6.0011773109436035,9.903822689056396
78603000,-16.0,-5.9630045890808105,9.941995410919189
78603000,-16.0,-5.9630045890808105,9.941995410919189
78853000,-16.0,-5.9004011154174805,10.004598884582519
78853000,-16.0,-5.9004011154174805,10.004598884582519
79103000,-16.0,-5.8672590255737305,10.037740974426269
79103000,-16.0,-5.8672590255737305,10.037740974426269
79103000,-16.0,-5.8672590255737305,10.037740974426269
79353000,-16.0,-5.8619208335876465,10.043079166412353
79353000,-16.0,-5.8619208335876465,10.043079166412353
79603000,-16.0,-5.870071887969971,10.034928112030029
79603000,-16.0,-5.870071887969971,10.034928112030029
79603000,-16.0,-5.870071887969971,10.034928112030029
79853000,-16.0,-5.887343883514404,10.017656116485595
79853000,-16.0,-5.887343883514404,10.017656116485595
80103000,-16.0,-5.920817852020264,9.984182147979736
80103000,-16.0,-5.920817852020264,9.984182147979736
80103000,-16.0,-5.920817852020264,9.984182147979736
80353000,-16.0,-5.906919479370117,9.998080520629882
80353000,-16.0,-5.906919479370117,9.998080520629882
80603000,-16.0,-5.895100116729736,10.009899883270263
80603000,-16.0,-5.895100116729736,10.009899883270263
80853000,-16.0,-5.8859734535217285,10.01902654647827
80853000,-16.0,-5.8859734535217285,10.01902654647827
80853000,-16.0,-5.8859734535217285,10.01902654647827
81103000,-16.0,-5.904964923858643,10.000035076141357
81103000,-16.0,-5.904964923858643,10.000035076141357
81353000,-16.0,-5.9764862060546875,9.928513793945312
81353000,-16.0,-5.9764862060546875,9.928513793945312
81353000,-16.0,-5.9764862060546875,9.928513793945312
81604000,-16.0,-6.008477210998535,9.896522789001464
81604000,-16.0,-6.008477210998535,9.896522789001464
81853000,-16.0,-5.988236904144287,9.916763095855712
81853000,-16.0,-5.988236904144287,9.916763095855712
81853000,-16.0,-5.988236904144287,9.916763095855712
82103000,-16.0,-5.971897602081299,9.9331023979187
82103000,-16.0,-5.971897602081299,9.9331023979187
82353000,-16.0,-5.968822956085205,9.936177043914794
82353000,-16.0,-5.968822956085205,9.936177043914794
82353000,-16.0,-5.968822956085205,9.936177043914794
82603000,-16.0,-5.9222917556762695,9.98270824432373
82603000,-16.0,-5.9222917556762695,9.98270824432373
82853000,-16.0,-5.8914618492126465,10.013538150787353
82853000,-16.0,-5.8914618492126465,10.013538150787353
83103000,-16.0,-5.887033939361572,10.017966060638427
83103000,-16.0,-5.887033939361572,10.017966060638427
83103000,-16.0,-5.887033939361572,10.017966060638427
83353000,-16.0,-5.890900611877441,10.014099388122558
83353000,-16.0,-5.890900611877441,10.014099388122558
83603000,-16.0,-5.912044525146484,9.992955474853515
83603000,-16.0,-5.912044525146484,9.992955474853515
83603000,-16.0,-5.912044525146484,9.992955474853515
83853000,-16.0,-5.915303707122803,9.989696292877197
83853000,-16.0,-5.915303707122803,9.989696292877197
84103000,-16.0,-5.913966178894043,9.991033821105956
84103000,-16.0,-5.913966178894043,9.991033821105956
84103000,-16.0,-5.913966178894043,9.991033821105956
84353000,-16.0,-5.8935346603393555,10.011465339660644
84353000,-16.0,-5.8935346603393555,10.011465339660644
84603000,-16.0,-5.89255952835083,10.01244047164917
84603000,-16.0,-5.89255952835083,10.01244047164917
84853000,-16.02,-5.944530487060547,9.980469512939452
84853000,-16.05,-5.944530487060547,10.010469512939453
84853000,-16.08,-5.944530487060547,10.04046951293945
85103000,-16.1,-5.991273880004883,10.013726119995118
85103000,-16.12,-5.991273880004883,10.033726119995118
85353000,-16.15,-6.009494304656982,10.045505695343016
85353000,-16.17,-6.009494304656982,10.065505695343019
85353000,-16.2,-6.009494304656982,10.095505695343016
85603000,-16.23,-6.006178855895996,10.128821144104004
85603000,-16.25,-6.006178855895996,10.148821144104003
85853000,-16.27,-6.005918025970459,10.16908197402954
85853000,-16.3,-6.005918025970459,10.199081974029541
86103000,-16.33,-6.025729179382324,10.209270820617673
86103000,-16.35,-6.025729179382324,10.229270820617677
86103000,-16.38,-6.025729179382324,10.259270820617674
86353000,-16.4,-6.054069995880127,10.250930004119871
86353000,-16.42,-6.054069995880127,10.270930004119874
86603000,-16.45,-6.166384220123291,10.188615779876708
86603000,-16.48,-6.166384220123291,10.218615779876709
86603000,-16.5,-6.166384220123291,10.238615779876708
86853000,-16.52,-6.2876105308532715,10.137389469146727
86853000,-16.55,-6.2876105308532715,10.167389469146729
87103000,-16.58,-6.369597911834717,10.11540208816528
87103000,-16.6,-6.369597911834717,10.135402088165284
87103000,-16.62,-6.369597911834717,10.155402088165284
87353000,-16.65,-6.454773426055908,10.10022657394409
87353000,-16.67,-6.454773426055908,10.120226573944093
87603000,-16.7,-6.544010639190674,10.060989360809325
87603000,-16.73,-6.544010639190674,10.090989360809326
87854000,-16.75,-6.607839584350586,10.047160415649413
87854000,-16.77,-6.607839584350586,10.067160415649413
87854000,-16.8,-6.607839584350586,10.097160415649414
88103000,-16.83,-6.686855316162109,10.048144683837888
88103000,-16.85,-6.686855316162109,10.068144683837891
88353000,-16.88,-6.763648986816406,10.021351013183592
88353000,-16.9,-6.763648986816406,10.041351013183592
88353000,-16.92,-6.763648986816406,10.061351013183595
88603000,-16.95,-6.847074508666992,10.007925491333006
88603000,-16.98,-6.847074508666992,10.037925491333008
88853000,-17.0,-6.883990287780762,10.021009712219238
88853000,-17.03,-6.883990287780762,10.051009712219239
88853000,-17.05,-6.883990287780762,10.071009712219238
89103000,-17.08,-6.95411491394043,10.030885086059568
89103000,-17.1,-6.95411491394043,10.050885086059571
89353000,-17.12,-7.036330699920654,9.988669300079346
89353000,-17.15,-7.036330699920654,10.018669300079344
89603000,-17.17,-7.098067283630371,9.97693271636963
89603000,-17.2,-7.098067283630371,10.006932716369628
89603000,-17.23,-7.098067283630371,10.036932716369629
89853000,-17.25,-7.116648197174072,10.038351802825927
89853000,-17.28,-7.116648197174072,10.068351802825928
90103000,-17.3,-7.096357345581055,10.108642654418945
90103000,-17.33,-7.096357345581055,10.138642654418943
90103000,-17.35,-7.096357345581055,10.158642654418946
90353000,-17.38,-7.096527099609375,10.188472900390623
90353000,-17.4,-7.096527099609375,10.208472900390623
90603000,-17.42,-7.143840312957764,10.181159687042237
90603000,-17.45,-7.143840312957764,10.211159687042235
90603000,-17.48,-7.143840312957764,10.241159687042236
90853000,-17.5,-7.225855827331543,10.179144172668456
90853000,-17.53,-7.225855827331543,10.209144172668458
91103000,-17.55,-7.323288440704346,10.131711559295654
91103000,-17.58,-7.323288440704346,10.161711559295652
91103000,-17.6,-7.323288440704346,10.181711559295655
91353000,-17.62,-7.419166564941406,10.105833435058594
91353000,-17.65,-7.419166564941406,10.135833435058592
91603000,-17.67,-7.484743595123291,10.09025640487671
91603000,-17.7,-7.484743595123291,10.120256404876708
91853000,-17.73,-7.589224338531494,10.045775661468506
91853000,-17.75,-7.589224338531494,10.065775661468505
91853000,-17.78,-7.589224338531494,10.095775661468506
92103000,-17.8,-7.66856575012207,10.03643424987793
92103000,-17.83,-7.66856575012207,10.066434249877927
92353000,-17.85,-7.712973594665527,10.042026405334473
92353000,-17.88,-7.712973594665527,10.072026405334471
92353000,-17.9,-7.712973594665527,10.09202640533447
92603000,-17.92,-7.738621234893799,10.086378765106202
92603000,-17.95,-7.738621234893799,10.1163787651062
92853000,-17.98,-7.7579193115234375,10.127080688476562
92853000,-18.0,-7.7579193115234375,10.147080688476562
92853000,-18.02,-7.7579193115234375,10.167080688476561
93103000,-18.05,-7.821344375610352,10.133655624389649
93103000,-18.08,-7.821344375610352,10.163655624389646
93353000,-18.1,-7.941237926483154,10.063762073516846
93353000,-18.12,-7.941237926483154,10.083762073516846
93603000,-18.15,-8.045896530151367,10.00910346984863
93603000,-18.18,-8.045896530151367,10.039103469848632
93603000,-18.2,-8.045896530151367,10.059103469848631
93853000,-18.23,-8.09596061706543,10.03903938293457
93853000,-18.25,-8.09596061706543,10.05903938293457
94104000,-18.27,-8.124479293823242,10.050520706176757
94104000,-18.3,-8.124479293823242,10.080520706176758
94104000,-18.33,-8.124479293823242,10.110520706176755
94353000,-18.35,-8.16325855255127,10.091741447448731
94353000,-18.38,-8.16325855255127,10.121741447448729
94603000,-18.4,-8.227261543273926,10.077738456726072
94603000,-18.43,-8.227261543273926,10.107738456726073
94603000,-18.45,-8.227261543273926,10.127738456726073
94853000,-18.48,-8.28484058380127,10.10015941619873
94853000,-18.5,-8.28484058380127,10.12015941619873
95103000,-18.53,-8.372636795043945,10.062363204956055
95103000,-18.55,-8.372636795043945,10.082363204956055
95353000,-18.58,-8.429104804992676,10.055895195007322
95353000,-18.6,-8.429104804992676,10.075895195007325
95353000,-18.62,-8.429104804992676,10.095895195007325
95603000,-18.65,-8.44439697265625,10.110603027343748
95603000,-18.68,-8.44439697265625,10.140603027343749
95853000,-18.7,-8.494085311889648,10.11091468811035
95853000,-18.73,-8.494085311889648,10.140914688110351
95853000,-18.75,-8.494085311889648,10.160914688110351
96103000,-18.78,-8.578495979309082,10.106504020690918
96103000,-18.8,-8.578495979309082,10.126504020690918
96353000,-18.83,-8.656451225280762,10.078548774719236
96353000,-18.85,-8.656451225280762,10.098548774719239
96353000,-18.88,-8.656451225280762,10.128548774719237
96603000,-18.9,-8.751795768737793,10.053204231262205
96603000,-18.93,-8.751795768737793,10.083204231262206
96853000,-18.95,-8.810578346252441,10.044421653747557
96853000,-18.98,-8.810578346252441,10.074421653747558
97103000,-19.0,-8.8299560546875,10.0750439453125
97103000,-19.03,-8.8299560546875,10.1050439453125
97103000,-19.05,-8.8299560546875,10.1250439453125
97353000,-19.08,-8.881999969482422,10.103000030517576
97353000,-19.1,-8.881999969482422,10.123000030517579
97603000,-19.12,-8.913092613220215,10.111907386779786
97603000,-19.15,-8.913092613220215,10.141907386779783
97603000,-19.18,-8.913092613220215,10.171907386779784
97853000,-19.2,-8.982980728149414,10.122019271850585
97853000,-19.23,-8.982980728149414,10.152019271850586
98103000,-19.25,-9.050775527954102,10.104224472045898
98103000,-19.28,-9.050775527954102,10.134224472045899
98103000,-19.3,-9.050775527954102,10.154224472045899
98353000,-19.33,-9.093001365661621,10.141998634338377
98353000,-19.35,-9.093001365661621,10.16199863433838
98603000,-19.38,-9.172475814819336,10.112524185180662
98603000,-19.4,-9.172475814819336,10.132524185180662
98853000,-19.43,-9.263794898986816,10.071205101013183
98853000,-19.45,-9.263794898986816,10.091205101013182
98853000,-19.48,-9.263794898986816,10.121205101013183
99103000,-19.5,-9.337398529052734,10.067601470947265
99103000,-19.53,-9.337398529052734,10.097601470947266
99353000,-19.55,-9.423152923583984,10.031847076416016
99353000,-19.58,-9.423152923583984,10.061847076416013
99353000,-19.6,-9.423152923583984,10.081847076416016
99603000,-19.62,-9.523512840270996,10.001487159729004
99603000,-19.65,-9.523512840270996,10.031487159729002
99853000,-19.68,-9.578869819641113,10.006130180358886
99853000,-19.7,-9.578869819641113,10.026130180358885
99853000,-19.73,-9.578869819641113,10.056130180358887
100103000,-19.75,-9.641836166381836,10.013163833618163
100103000,-19.78,-9.641836166381836,10.043163833618165
100354000,-19.8,-9.68426513671875,10.02073486328125
100354000,-19.83,-9.68426513671875,10.050734863281248
100603000,-19.85,-9.709527015686035,10.045472984313966
100603000,-19.88,-9.709527015686035,10.075472984313963
100603000,-19.9,-9.709527015686035,10.095472984313963
100853000,-19.93,-9.758864402770996,10.076135597229003
100853000,-19.95,-9.758864402770996,10.096135597229003
101103000,-19.98,-9.789271354675293,10.095728645324707
101103000,-20.0,-9.789271354675293,10.115728645324706
101103000,-20.0,-9.789271354675293,10.115728645324706
101353000,-20.0,-9.82915210723877,10.07584789276123
101353000,-20.0,-9.82915210723877,10.07584789276123
101603000,-20.0,-9.83759880065918,10.06740119934082
101603000,-20.0,-9.83759880065918,10.06740119934082
101603000,-20.0,-9.83759880065918,10.06740119934082
101853000,-20.0,-9.887442588806152,10.017557411193847
101853000,-20.0,-9.887442588806152,10.017557411193847
102103000,-20.0,-9.995187759399414,9.909812240600585
102103000,-20.0,-9.995187759399414,9.909812240600585
102353000,-20.0,-10.041740417480469,9.86325958251953
102353000,-20.0,-10.041740417480469,9.86325958251953
102353000,-20.0,-10.041740417480469,9.86325958251953
102603000,-20.0,-10.027769088745117,9.877230911254882
102603000,-20.0,-10.027769088745117,9.877230911254882
102853000,-20.0,-9.993122100830078,9.911877899169921
102853000,-20.0,-9.993122100830078,9.911877899169921
102853000,-20.0,-9.993122100830078,9.911877899169921
103103000,-20.0,-10.013082504272461,9.891917495727538
103103000,-20.0,-10.013082504272461,9.891917495727538
103353000,-20.0,-9.99665641784668,9.90834358215332
103353000,-20.0,-9.99665641784668,9.90834358215332
103353000,-20.0,-9.99665641784668,9.90834358215332
103603000,-20.0,-9.97409725189209,9.93090274810791
103603000,-20.0,-9.97409725189209,9.93090274810791
103853000,-20.0,-9.963644027709961,9.941355972290038
103853000,-20.0,-9.963644027709961,9.941355972290038
104103000,-20.0,-9.949953079223633,9.955046920776367
104103000,-20.0,-9.949953079223633,9.955046920776367
104103000,-20.0,-9.949953079223633,9.955046920776367
104353000,-20.0,-9.912254333496094,9.992745666503906
104353000,-20.0,-9.912254333496094,9.992745666503906
104603000,-20.0,-9.882538795471191,10.022461204528808
104603000,-20.0,-9.882538795471191,10.022461204528808
104603000,-20.0,-9.882538795471191,10.022461204528808
104853000,-20.0,-9.855936050415039,10.04906394958496
104853000,-20.0,-9.855936050415039,10.04906394958496
105103000,-20.0,-9.856678009033203,10.048321990966796
105103000,-20.0,-9.856678009033203,10.048321990966796
105103000,-20.0,-9.856678009033203,10.048321990966796
105353000,-20.0,-9.895544052124023,10.009455947875976
105353000,-20.0,-9.895544052124023,10.009455947875976
105603000,-20.0,-9.929346084594727,9.975653915405273
105603000,-20.0,-9.929346084594727,9.975653915405273
105853000,-20.0,-9.89378547668457,10.011214523315429
105853000,-20.0,-9.89378547668457,10.011214523315429
105853000,-20.0,-9.89378547668457,10.011214523315429
106103000,-20.0,-9.895976066589355,10.009023933410644
106103000,-20.0,-9.895976066589355,10.009023933410644
106353000,-20.0,-9.925594329833984,9.979405670166015
106353000,-20.0,-9.925594329833984,9.979405670166015
106353000,-20.0,-9.925594329833984,9.979405670166015
106604000,-20.0,-9.934940338134766,9.970059661865234
106604000,-20.0,-9.934940338134766,9.970059661865234
106853000,-20.0,-9.910924911499023,9.994075088500976
106853000,-20.0,-9.910924911499023,9.994075088500976
106853000,-20.0,-9.910924911499023,9.994075088500976
107103000,-20.0,-9.89836597442627,10.00663402557373
107103000,-20.0,-9.89836597442627,10.00663402557373
107353000,-20.0,-9.94924545288086,9.95575454711914
107353000,-20.0,-9.94924545288086,9.95575454711914
107603000,-20.0,-9.989675521850586,9.915324478149413
107603000,-20.0,-9.989675521850586,9.915324478149413
107603000,-20.0,-9.989675521850586,9.915324478149413
107853000,-20.0,-9.970589637756348,9.934410362243652
107853000,-20.0,-9.970589637756348,9.934410362243652
108103000,-20.0,-9.934155464172363,9.970844535827636
108103000,-20.0,-9.934155464172363,9.970844535827636
108103000,-20.0,-9.934155464172363,9.970844535827636
108353000,-20.0,-9.92943000793457,9.975569992065429
108353000,-20.0,-9.92943000793457,9.975569992065429
108603000,-20.0,-9.902141571044922,10.002858428955077
108603000,-20.0,-9.902141571044922,10.002858428955077
108603000,-20.0,-9.902141571044922,10.002858428955077
108853000,-20.0,-9.903517723083496,10.001482276916503
108853000,-20.0,-9.903517723083496,10.001482276916503
109103000,-20.0,-9.948845863342285,9.956154136657714
109103000,-20.0,-9.948845863342285,9.956154136657714
109103000,-20.0,-9.948845863342285,9.956154136657714
109353000,-20.0,-9.99647045135498,9.908529548645019
109353000,-20.0,-9.99647045135498,9.908529548645019
109603000,-20.0,-10.003665924072266,9.901334075927734
109603000,-20.0,-10.003665924072266,9.901334075927734
109853000,-20.0,-9.972277641296387,9.932722358703613
109853000,-20.0,-9.972277641296387,9.932722358703613
109853000,-20.0,-9.972277641296387,9.932722358703613
110103000,-20.0,-9.92841911315918,9.97658088684082
110103000,-20.0,-9.92841911315918,9.97658088684082
110353000,-20.0,-9.850703239440918,10.054296760559081
110353000,-20.0,-9.850703239440918,10.054296760559081
110353000,-20.0,-9.850703239440918,10.054296760559081
110603000,-20.0,-9.83480167388916,10.07019832611084
110603000,-20.0,-9.83480167388916,10.07019832611084
110853000,-20.0,-9.866129875183105,10.038870124816894
110853000,-20.0,-9.866129875183105,10.038870124816894
110853000,-20.0,-9.866129875183105,10.038870124816894
111103000,-20.0,-9.873505592346191,10.031494407653808
111103000,-20.0,-9.873505592346191,10.031494407653808
111353000,-20.0,-9.87312126159668,10.03187873840332
111353000,-20.0,-9.87312126159668,10.03187873840332
111603000,-19.97,-9.924269676208496,9.950730323791502
111603000,-19.95,-9.924269676208496,9.930730323791503
111603000,-19.92,-9.924269676208496,9.900730323791505
111853000,-19.9,-10.010624885559082,9.794375114440916
111853000,-19.88,-10.010624885559082,9.774375114440916
112103000,-19.85,-10.010031700134277,9.744968299865723
112103000,-19.82,-10.010031700134277,9.714968299865722
112103000,-19.8,-10.010031700134277,9.694968299865723
112353000,-19.77,-9.946542739868164,9.728457260131835
112353000,-19.75,-9.946542739868164,9.708457260131835
112603000,-19.72,-9.90322208404541,9.721777915954588
112603000,-19.7,-9.90322208404541,9.701777915954588
112603000,-19.67,-9.90322208404541,9.671777915954591
112854000,-19.65,-9.871269226074219,9.68373077392578
112854000,-19.62,-9.871269226074219,9.653730773925782
113103000,-19.6,-9.774885177612305,9.730114822387696
113103000,-19.57,-9.774885177612305,9.700114822387695
113353000,-19.55,-9.671605110168457,9.783394889831543
113353000,-19.52,-9.671605110168457,9.753394889831542
113353000,-19.5,-9.671605110168457,9.733394889831542
113603000,-19.47,-9.537516593933105,9.837483406066893
113603000,-19.45,-9.537516593933105,9.817483406066893
113853000,-19.42,-9.423410415649414,9.901589584350587
113853000,-19.4,-9.423410415649414,9.881589584350584
113853000,-19.38,-9.423410415649414,9.861589584350584
114103000,-19.35,-9.351334571838379,9.903665428161622
114103000,-19.32,-9.351334571838379,9.87366542816162
114353000,-19.3,-9.276728630065918,9.928271369934082
114353000,-19.27,-9.276728630065918,9.898271369934081
114353000,-19.25,-9.276728630065918,9.878271369934081
114603000,-19.22,-9.185811042785645,9.939188957214354
114603000,-19.2,-9.185811042785645,9.919188957214354
114853000,-19.17,-9.092621803283691,9.98237819671631
114853000,-19.15,-9.092621803283691,9.962378196716307
115103000,-19.12,-9.030084609985352,9.994915390014649
115103000,-19.1,-9.030084609985352,9.97491539001465
115103000,-19.07,-9.030084609985352,9.944915390014648
115353000,-19.05,-8.989575386047363,9.965424613952637
115353000,-19.02,-8.989575386047363,9.935424613952636
115603000,-19.0,-8.934064865112305,9.970935134887695
115603000,-18.97,-8.934064865112305,9.940935134887694
115603000,-18.95,-8.934064865112305,9.920935134887694
115853000,-18.93,-8.918610572814941,9.916389427185058
115853000,-18.9,-8.918610572814941,9.886389427185057
116103000,-18.88,-8.920232772827148,9.86476722717285
116103000,-18.85,-8.920232772827148,9.834767227172852
116103000,-18.82,-8.920232772827148,9.804767227172851
116353000,-18.8,-8.882270812988281,9.822729187011719
116353000,-18.77,-8.882270812988281,9.792729187011718
116603000,-18.75,-8.822752952575684,9.832247047424316
116603000,-18.72,-8.822752952575684,9.802247047424315
116853000,-18.7,-8.78670597076416,9.818294029235838
116853000,-18.67,-8.78670597076416,9.788294029235841
116853000,-18.65,-8.78670597076416,9.768294029235838
117103000,-18.62,-8.768723487854004,9.756276512145996
117103000,-18.6,-8.768723487854004,9.736276512145997
117353000,-18.57,-8.721174240112305,9.753825759887695
117353000,-18.55,-8.721174240112305,9.733825759887695
117353000,-18.52,-8.721174240112305,9.703825759887694
117603000,-18.5,-8.62521743774414,9.779782562255859
117603000,-18.47,-8.62521743774414,9.749782562255858
117853000,-18.45,-8.519014358520508,9.83598564147949
117853000,-18.42,-8.519014358520508,9.805985641479493
118103000,-18.4,-8.406553268432617,9.89844673156738
118103000,-18.38,-8.406553268432617,9.878446731567381
118103000,-18.35,-8.406553268432617,9.848446731567384
118353000,-18.32,-8.307270050048828,9.917729949951172
118353000,-18.3,-8.307270050048828,9.897729949951172
118603000,-18.27,-8.204392433166504,9.970607566833495
118603000,-18.25,-8.204392433166504,9.950607566833495
118603000,-18.22,-8.204392433166504,9.920607566833494
118853000,-18.2,-8.134586334228516,9.970413665771483
118853000,-18.17,-8.134586334228516,9.940413665771485
119104000,-18.15,-8.091532707214355,9.963467292785642
119104000,-18.12,-8.091532707214355,9.933467292785645
119104000,-18.1,-8.091532707214355,9.913467292785645
119353000,-18.07,-8.103760719299316,9.871239280700683
119353000,-18.05,-8.103760719299316,9.851239280700684
119603000,-18.02,-8.070629119873047,9.854370880126952
119603000,-18.0,-8.070629119873047,9.834370880126952
119853000,-17.98,-7.999361515045166,9.885638484954834
119853000,-17.95,-7.999361515045166,9.855638484954833
119853000,-17.92,-7.999361515045166,9.825638484954835
120103000,-17.9,-7.955483913421631,9.849516086578367
120103000,-17.88,-7.955483913421631,9.829516086578368
120353000,-17.85,-7.941561698913574,9.813438301086427
120353000,-17.82,-7.941561698913574,9.783438301086425
120353000,-17.8,-7.941561698913574,9.763438301086426
120603000,-17.77,-7.885796546936035,9.789203453063964
120603000,-17.75,-7.885796546936035,9.769203453063964
120853000,-17.73,-7.817591190338135,9.817408809661865
120853000,-17.7,-7.817591190338135,9.787408809661864
120853000,-17.67,-7.817591190338135,9.757408809661866
121103000,-17.65,-7.744785785675049,9.810214214324949
121103000,-17.62,-7.744785785675049,9.780214214324952
121353000,-17.6,-7.646622180938721,9.85837781906128
121353000,-17.57,-7.646622180938721,9.828377819061279
121603000,-17.55,-7.5397539138793945,9.915246086120606
121603000,-17.52,-7.5397539138793945,9.885246086120604
121603000,-17.5,-7.5397539138793945,9.865246086120605
121853000,-17.47,-7.449073791503906,9.925926208496092
121853000,-17.45,-7.449073791503906,9.905926208496092
122103000,-17.42,-7.389085292816162,9.935914707183839
122103000,-17.4,-7.389085292816162,9.915914707183836
122103000,-17.38,-7.389085292816162,9.895914707183836
122353000,-17.35,-7.3245673179626465,9.930432682037354
122353000,-17.32,-7.3245673179626465,9.900432682037353
122603000,-17.3,-7.287955284118652,9.917044715881348
122603000,-17.27,-7.287955284118652,9.887044715881347
122603000,-17.25,-7.287955284118652,9.867044715881347
122853000,-17.22,-7.233251571655273,9.891748428344725
122853000,-17.2,-7.233251571655273,9.871748428344725
123103000,-17.17,-7.190688610076904,9.884311389923097
123103000,-17.15,-7.190688610076904,9.864311389923094
123103000,-17.12,-7.190688610076904,9.834311389923096
123353000,-17.1,-7.155065059661865,9.849934940338136
123353000,-17.07,-7.155065059661865,9.819934940338134
123603000,-17.05,-7.094159126281738,9.860840873718262
123603000,-17.02,-7.094159126281738,9.83084087371826
123853000,-17.0,-7.034958839416504,9.870041160583495
123853000,-16.97,-7.034958839416504,9.840041160583494
123853000,-16.95,-7.034958839416504,9.820041160583495
124103000,-16.92,-7.022797107696533,9.802202892303468
124103000,-16.9,-7.022797107696533,9.782202892303465
124353000,-16.88,-6.98661994934082,9.798380050659178
124353000,-16.85,-6.98661994934082,9.76838005065918
124353000,-16.82,-6.98661994934082,9.73838005065918
124603000,-16.8,-6.897364616394043,9.807635383605957
124603000,-16.77,-6.897364616394043,9.777635383605956
124853000,-16.75,-6.785037040710449,9.86996295928955
124853000,-16.72,-6.785037040710449,9.839962959289549
124853000,-16.7,-6.785037040710449,9.81996295928955
125103000,-16.67,-6.675025939941406,9.899974060058595
125103000,-16.65,-6.675025939941406,9.879974060058592
125354000,-16.62,-6.5601277351379395,9.964872264862061
125354000,-16.6,-6.5601277351379395,9.944872264862061
125603000,-16.57,-6.5156378746032715,9.959362125396728
125603000,-16.55,-6.5156378746032715,9.939362125396729
125603000,-16.52,-6.5156378746032715,9.909362125396727
125853000,-16.5,-6.525832653045654,9.879167346954345
125853000,-16.47,-6.525832653045654,9.849167346954344
126103000,-16.45,-6.503023624420166,9.851976375579833
126103000,-16.42,-6.503023624420166,9.821976375579835
126103000,-16.4,-6.503023624420166,9.801976375579832
126353000,-16.38,-6.448194980621338,9.83680501937866
126353000,-16.35,-6.448194980621338,9.806805019378663
126603000,-16.32,-6.403693199157715,9.821306800842285
126603000,-16.3,-6.403693199157715,9.801306800842285
126603000,-16.27,-6.403693199157715,9.771306800842284
126853000,-16.25,-6.323304653167725,9.831695346832275
126853000,-16.22,-6.323304653167725,9.801695346832274
127103000,-16.2,-6.206745624542236,9.898254375457762
127103000,-16.17,-6.206745624542236,9.868254375457765
127353000,-16.15,-6.1000189781188965,9.954981021881101
127353000,-16.12,-6.1000189781188965,9.924981021881104
127353000,-16.1,-6.1000189781188965,9.904981021881104
127603000,-16.07,-6.074098110198975,9.900901889801025
127603000,-16.05,-6.074098110198975,9.880901889801025
127853000,-16.02,-6.076462268829346,9.848537731170653
127853000,-16.0,-6.076462268829346,9.828537731170654
127853000,-16.0,-6.076462268829346,9.828537731170654
128103000,-16.0,-6.037963390350342,9.867036609649658
128103000,-16.0,-6.037963390350342,9.867036609649658
128353000,-16.0,-5.9807305335998535,9.924269466400146
128353000,-16.0,-5.9807305335998535,9.924269466400146
128353000,-16.0,-5.9807305335998535,9.924269466400146
128603000,-16.0,-5.901372909545898,10.003627090454101
128603000,-16.0,-5.901372909545898,10.003627090454101
128853000,-16.0,-5.8404927253723145,10.064507274627685
128853000,-16.0,-5.8404927253723145,10.064507274627685
129103000,-16.0,-5.786108016967773,10.118891983032226
129103000,-16.0,-5.786108016967773,10.118891983032226
129103000,-16.0,-5.786108016967773,10.118891983032226
129353000,-16.0,-5.752593517303467,10.152406482696533
129353000,-16.0,-5.752593517303467,10.152406482696533
129603000,-16.0,-5.724001884460449,10.18099811553955
129603000,-16.0,-5.724001884460449,10.18099811553955
129603000,-16.0,-5.724001884460449,10.18099811553955
129853000,-16.0,-5.777017593383789,10.12798240661621
129853000,-16.0,-5.777017593383789,10.12798240661621
130103000,-16.0,-5.8362579345703125,10.068742065429687
130103000,-16.0,-5.8362579345703125,10.068742065429687
130353000,-16.0,-5.900121212005615,10.004878787994384
130353000,-16.0,-5.900121212005615,10.004878787994384
130353000,-16.0,-5.900121212005615,10.004878787994384
130603000,-16.0,-5.965211391448975,9.939788608551025
130603000,-16.0,-5.965211391448975,9.939788608551025
130853000,-16.0,-6.021934986114502,9.883065013885497
130853000,-16.0,-6.021934986114502,9.883065013885497
130853000,-16.0,-6.021934986114502,9.883065013885497
131103000,-16.0,-6.044363498687744,9.860636501312255
131103000,-16.0,-6.044363498687744,9.860636501312255
131353000,-16.0,-6.036842346191406,9.868157653808593
131353000,-16.0,-6.036842346191406,9.868157653808593
131353000,-16.0,-6.036842346191406,9.868157653808593
131604000,-16.0,-6.022123336791992,9.882876663208007
131604000,-16.0,-6.022123336791992,9.882876663208007
131853000,-16.0,-5.9891438484191895,9.91585615158081
131853000,-16.0,-5.9891438484191895,9.91585615158081
132103000,-16.0,-5.965421676635742,9.939578323364257
132103000,-16.0,-5.965421676635742,9.939578323364257
132103000,-16.0,-5.965421676635742,9.939578323364257
132353000,-16.0,-5.954746246337891,9.950253753662109
132353000,-16.0,-5.954746246337891,9.950253753662109
132603000,-16.0,-5.976377964019775,9.928622035980224
132603000,-16.0,-5.976377964019775,9.928622035980224
132603000,-16.0,-5.976377964019775,9.928622035980224
132853000,-16.0,-5.986649513244629,9.91835048675537
132853000,-16.0,-5.986649513244629,9.91835048675537
133103000,-16.0,-5.97912073135376,9.92587926864624
133103000,-16.0,-5.97912073135376,9.92587926864624
133103000,-16.0,-5.97912073135376,9.92587926864624
133353000,-16.0,-5.900073528289795,10.004926471710204
133353000,-16.0,-5.900073528289795,10.004926471710204
133603000,-16.0,-5.817718029022217,10.087281970977783
133603000,-16.0,-5.817718029022217,10.087281970977783
133853000,-16.0,-5.766759395599365,10.138240604400634
133853000,-16.0,-5.766759395599365,10.138240604400634
133853000,-16.0,-5.766759395599365,10.138240604400634
134103000,-16.0,-5.7585954666137695,10.14640453338623
134103000,-16.0,-5.7585954666137695,10.14640453338623
134353000,-16.0,-5.803991317749023,10.101008682250976
134353000,-16.0,-5.803991317749023,10.101008682250976
134353000,-16.0,-5.803991317749023,10.101008682250976
134603000,-16.0,-5.872331619262695,10.032668380737304
134603000,-16.0,-5.872331619262695,10.032668380737304
134853000,-16.0,-5.94586181640625,9.95913818359375
134853000,-16.0,-5.94586181640625,9.95913818359375
134853000,-16.0,-5.94586181640625,9.95913818359375
135103000,-16.0,-5.985803604125977,9.919196395874023
135103000,-16.0,-5.985803604125977,9.919196395874023
135353000,-16.0,-6.014004230499268,9.890995769500732
135353000,-16.0,-6.014004230499268,9.890995769500732
135353000,-16.0,-6.014004230499268,9.890995769500732
135603000,-16.0,-6.03708553314209,9.86791446685791
135603000,-16.0,-6.03708553314209,9.86791446685791
135853000,-16.0,-6.041904926300049,9.86309507369995
135853000,-16.0,-6.041904926300049,9.86309507369995
136103000,-16.0,-6.034835338592529,9.87016466140747
136103000,-16.0,-6.034835338592529,9.87016466140747
136103000,-16.0,-6.034835338592529,9.87016466140747
136353000,-16.0,-5.979013919830322,9.925986080169677
136353000,-16.0,-5.979013919830322,9.925986080169677
136603000,-16.0,-5.918664455413818,9.986335544586181
136603000,-16.0,-5.918664455413818,9.986335544586181
136603000,-16.0,-5.918664455413818,9.986335544586181
136853000,-16.0,-5.885406494140625,10.019593505859374
136853000,-16.0,-5.885406494140625,10.019593505859374
137103000,-16.0,-5.874370098114014,10.030629901885986
137103000,-16.0,-5.874370098114014,10.030629901885986
137353000,-16.0,-5.889597415924072,10.015402584075927
137353000,-16.0,-5.889597415924072,10.015402584075927
137353000,-16.0,-5.889597415924072,10.015402584075927
137603000,-16.0,-5.882501125335693,10.022498874664306
137603000,-16.0,-5.882501125335693,10.022498874664306
137854000,-16.0,-5.851357460021973,10.053642539978027
137854000,-16.0,-5.851357460021973,10.053642539978027
137854000,-16.0,-5.851357460021973,10.053642539978027
138103000,-16.0,-5.872045040130615,10.032954959869384
138103000,-16.0,-5.872045040130615,10.032954959869384
138353000,-16.02,-5.936466693878174,9.988533306121825
138353000,-16.05,-5.936466693878174,10.018533306121826
138353000,-16.08,-5.936466693878174,10.048533306121824
138603000,-16.1,-5.982952117919922,10.022047882080079
138603000,-16.12,-5.982952117919922,10.042047882080078
138853000,-16.15,-6.003429889678955,10.051570110321043
138853000,-16.17,-6.003429889678955,10.071570110321046
139103000,-16.2,-6.007871627807617,10.097128372192381
139103000,-16.23,-6.007871627807617,10.127128372192383
139103000,-16.25,-6.007871627807617,10.147128372192382
139353000,-16.27,-5.986315727233887,10.188684272766112
139353000,-16.3,-5.986315727233887,10.218684272766113
139603000,-16.33,-5.9493184089660645,10.285681591033933
139603000,-16.35,-5.9493184089660645,10.305681591033936
139603000,-16.38,-5.9493184089660645,10.335681591033934
139853000,-16.4,-5.983424663543701,10.321575336456297
139853000,-16.42,-5.983424663543701,10.3415753364563
140103000,-16.45,-6.09052848815918,10.264471511840819
140103000,-16.48,-6.09052848815918,10.29447151184082
140103000,-16.5,-6.09052848815918,10.31447151184082
140353000,-16.52,-6.24392032623291,10.181079673767089
140353000,-16.55,-6.24392032623291,10.21107967376709
140603000,-16.58,-6.390427112579346,10.094572887420652
140603000,-16.6,-6.390427112579346,10.114572887420655
140853000,-16.62,-6.52495813369751,10.00004186630249
140853000,-16.65,-6.52495813369751,10.030041866302488
140853000,-16.67,-6.52495813369751,10.050041866302491
141103000,-16.7,-6.617683410644531,9.987316589355467
141103000,-16.73,-6.617683410644531,10.017316589355469
141353000,-16.75,-6.721812725067139,9.93318727493286
141353000,-16.77,-6.721812725067139,9.95318727493286
141353000,-16.8,-6.721812725067139,9.983187274932861
141603000,-16.83,-6.786330699920654,9.948669300079343
141603000,-16.85,-6.786330699920654,9.968669300079346
141853000,-16.88,-6.8422322273254395,9.942767772674559
141853000,-16.9,-6.8422322273254395,9.962767772674558
141853000,-16.92,-6.8422322273254395,9.982767772674562
142103000,-16.95,-6.916848659515381,9.938151340484618
142103000,-16.98,-6.916848659515381,9.968151340484619
142353000,-17.0,-6.933568477630615,9.971431522369384
142353000,-17.03,-6.933568477630615,10.001431522369385
142603000,-17.05,-6.909928798675537,10.045071201324463
142603000,-17.08,-6.909928798675537,10.07507120132446
142603000,-17.1,-6.909928798675537,10.095071201324464
142853000,-17.12,-6.9204277992248535,10.104572200775147
142853000,-17.15,-6.9204277992248535,10.134572200775144
143103000,-17.17,-6.916916370391846,10.158083629608155
143103000,-17.2,-6.916916370391846,10.188083629608153
143103000,-17.23,-6.916916370391846,10.218083629608154
143353000,-17.25,-6.981259346008301,10.173740653991699
143353000,-17.28,-6.981259346008301,10.2037406539917
143603000,-17.3,-7.0187811851501465,10.186218814849854
143603000,-17.33,-7.0187811851501465,10.216218814849851
143603000,-17.35,-7.0187811851501465,10.236218814849854
143853000,-17.38,-7.0798234939575195,10.205176506042479
143853000,-17.4,-7.0798234939575195,10.225176506042478
144104000,-17.42,-7.1015095710754395,10.223490428924562
144104000,-17.45,-7.1015095710754395,10.25349042892456
144353000,-17.48,-7.19536828994751,10.18963171005249
144353000,-17.5,-7.19536828994751,10.20963171005249
144353000,-17.53,-7.19536828994751,10.23963171005249
144603000,-17.55,-7.29970121383667,10.15529878616333
144603000,-17.58,-7.29970121383667,10.185298786163328
144853000,-17.6,-7.418639659881592,10.086360340118409
144853000,-17.62,-7.418639659881592,10.106360340118409
144853000,-17.65,-7.418639659881592,10.136360340118406
145103000,-17.67,-7.557885646820068,10.017114353179933
145103000,-17.7,-7.557885646820068,10.04711435317993
145353000,-17.73,-7.670915126800537,9.964084873199463
145353000,-17.75,-7.670915126800537,9.984084873199462
145353000,-17.78,-7.670915126800537,10.014084873199463
145603000,-17.8,-7.7587971687316895,9.94620283126831
145603000,-17.83,-7.7587971687316895,9.976202831268308
145853000,-17.85,-7.824742794036865,9.930257205963136
145853000,-17.88,-7.824742794036865,9.960257205963133
146103000,-17.9,-7.863481044769287,9.94151895523071
146103000,-17.92,-7.863481044769287,9.961518955230714
146103000,-17.95,-7.863481044769287,9.991518955230712
146353000,-17.98,-7.866283893585205,10.018716106414795
146353000,-18.0,-7.866283893585205,10.038716106414794
146603000,-18.02,-7.904332160949707,10.020667839050292
146603000,-18.05,-7.904332160949707,10.050667839050293
146603000,-18.08,-7.904332160949707,10.08066783905029
146853000,-18.1,-7.921243667602539,10.083756332397462
146853000,-18.12,-7.921243667602539,10.103756332397461
147103000,-18.15,-7.922771453857422,10.132228546142576
147103000,-18.18,-7.922771453857422,10.162228546142577
147103000,-18.2,-7.922771453857422,10.182228546142577
147353000,-18.23,-7.942431449890137,10.192568550109863
147353000,-18.25,-7.942431449890137,10.212568550109863
147603000,-18.27,-8.008517265319824,10.166482734680175
147603000,-18.3,-8.008517265319824,10.196482734680176
147603000,-18.33,-8.008517265319824,10.226482734680173
147853000,-18.35,-8.078544616699219,10.176455383300782
147853000,-18.38,-8.078544616699219,10.20645538330078
148103000,-18.4,-8.169693946838379,10.135306053161619
148103000,-18.43,-8.169693946838379,10.16530605316162
148353000,-18.45,-8.300066947937012,10.054933052062987
148353000,-18.48,-8.300066947937012,10.084933052062988
148353000,-18.5,-8.300066947937012,10.104933052062988
148603000,-18.53,-8.362016677856445,10.072983322143555
148603000,-18.55,-8.362016677856445,10.092983322143555
148853000,-18.58,-8.407344818115234,10.077655181884763
148853000,-18.6,-8.407344818115234,10.097655181884766
148853000,-18.62,-8.407344818115234,10.117655181884766
149103000,-18.65,-8.495522499084473,10.059477500915525
149103000,-18.68,-8.495522499084473,10.089477500915526
149353000,-18.7,-8.570194244384766,10.034805755615233
149353000,-18.73,-8.570194244384766,10.064805755615234
149353000,-18.75,-8.570194244384766,10.084805755615234
149603000,-18.78,-8.613122940063477,10.071877059936524
149603000,-18.8,-8.613122940063477,10.091877059936524
149853000,-18.83,-8.666950225830078,10.06804977416992
149853000,-18.85,-8.666950225830078,10.088049774169923
150103000,-18.88,-8.730146408081055,10.054853591918944
150103000,-18.9,-8.730146408081055,10.074853591918943
150103000,-18.93,-8.730146408081055,10.104853591918944
150354000,-18.95,-8.819884300231934,10.035115699768065
150354000,-18.98,-8.819884300231934,10.065115699768066
150603000,-19.0,-8.863838195800781,10.041161804199218
150603000,-19.03,-8.863838195800781,10.07116180419922
150603000,-19.05,-8.863838195800781,10.091161804199219
150853000,-19.08,-8.897482872009277,10.08751712799072
150853000,-19.1,-8.897482872009277,10.107517127990723
151103000,-19.12,-8.939605712890625,10.085394287109375
151103000,-19.15,-8.939605712890625,10.115394287109373
151103000,-19.18,-8.939605712890625,10.145394287109374
151353000,-19.2,-8.977128982543945,10.127871017456053
151353000,-19.23,-8.977128982543945,10.157871017456054
151603000,-19.25,-9.021952629089355,10.133047370910644
151603000,-19.28,-9.021952629089355,10.163047370910645
151853000,-19.3,-9.099148750305176,10.105851249694824
151853000,-19.33,-9.099148750305176,10.135851249694822
151853000,-19.35,-9.099148750305176,10.155851249694825
152103000,-19.38,-9.171053886413574,10.113946113586424
152103000,-19.4,-9.171053886413574,10.133946113586424
152353000,-19.43,-9.206231117248535,10.128768882751464
152353000,-19.45,-9.206231117248535,10.148768882751463
152353000,-19.48,-9.206231117248535,10.178768882751465
152603000,-19.5,-9.264805793762207,10.140194206237792
152603000,-19.53,-9.264805793762207,10.170194206237793
152853000,-19.55,-9.362075805664062,10.092924194335938
152853000,-19.58,-9.362075805664062,10.122924194335935
152853000,-19.6,-9.362075805664062,10.142924194335938
153103000,-19.62,-9.471212387084961,10.05378761291504
153103000,-19.65,-9.471212387084961,10.083787612915037
153353000,-19.68,-9.556741714477539,10.02825828552246
153353000,-19.7,-9.556741714477539,10.04825828552246
153603000,-19.73,-9.605184555053711,10.029815444946289
153603000,-19.75,-9.605184555053711,10.049815444946288
153603000,-19.78,-9.605184555053711,10.07981544494629
153853000,-19.8,-9.678369522094727,10.026630477905274
153853000,-19.83,-9.678369522094727,10.056630477905271
154103000,-19.85,-9.735204696655273,10.019795303344727
154103000,-19.88,-9.735204696655273,10.049795303344725
154103000,-19.9,-9.735204696655273,10.069795303344725
154353000,-19.93,-9.761626243591309,10.07337375640869
154353000,-19.95,-9.761626243591309,10.09337375640869
154603000,-19.98,-9.77526569366455,10.109734306335449
154603000,-20.0,-9.77526569366455,10.129734306335449
154603000,-20.0,-9.77526569366455,10.129734306335449
154853000,-20.0,-9.8145751953125,10.0904248046875
154853000,-20.0,-9.8145751953125,10.0904248046875
155103000,-20.0,-9.889782905578613,10.015217094421386
155103000,-20.0,-9.889782905578613,10.015217094421386
155103000,-20.0,-9.889782905578613,10.015217094421386
155353000,-20.0,-9.993061065673828,9.911938934326171
155353000,-20.0,-9.993061065673828,9.911938934326171
155603000,-20.0,-10.078089714050293,9.826910285949706
155603000,-20.0,-10.078089714050293,9.826910285949706
155853000,-20.0,-10.097387313842773,9.807612686157226
155853000,-20.0,-10.097387313842773,9.807612686157226
155853000,-20.0,-10.097387313842773,9.807612686157226
156103000,-20.0,-10.058524131774902,9.846475868225097
156103000,-20.0,-10.058524131774902,9.846475868225097
156353000,-20.0,-10.0156888961792,9.8893111038208
156353000,-20.0,-10.0156888961792,9.8893111038208
156353000,-20.0,-10.0156888961792,9.8893111038208
156604000,-20.0,-9.988401412963867,9.916598587036132
156604000,-20.0,-9.988401412963867,9.916598587036132
156853000,-20.0,-9.934307098388672,9.970692901611327
156853000,-20.0,-9.934307098388672,9.970692901611327
156853000,-20.0,-9.934307098388672,9.970692901611327
157103000,-20.0,-9.910819053649902,9.994180946350097
157103000,-20.0,-9.910819053649902,9.994180946350097
157353000,-20.0,-9.895648002624512,10.009351997375488
157353000,-20.0,-9.895648002624512,10.009351997375488
157603000,-20.0,-9.861374855041504,10.043625144958495
157603000,-20.0,-9.861374855041504,10.043625144958495
157603000,-20.0,-9.861374855041504,10.043625144958495
157853000,-20.0,-9.860183715820312,10.044816284179687
157853000,-20.0,-9.860183715820312,10.044816284179687
158103000,-20.0,-9.89483642578125,10.01016357421875
158103000,-20.0,-9.89483642578125,10.01016357421875
158103000,-20.0,-9.89483642578125,10.01016357421875
158353000,-20.0,-9.904147148132324,10.000852851867675
158353000,-20.0,-9.904147148132324,10.000852851867675
158603000,-20.0,-9.925617218017578,9.979382781982421
158603000,-20.0,-9.925617218017578,9.979382781982421
158603000,-20.0,-9.925617218017578,9.979382781982421
158853000,-20.0,-9.936063766479492,9.968936233520507
158853000,-20.0,-9.936063766479492,9.968936233520507
159103000,-20.0,-9.927494049072266,9.977505950927734
159103000,-20.0,-9.927494049072266,9.977505950927734
159353000,-20.0,-9.899286270141602,10.005713729858398
159353000,-20.0,-9.899286270141602,10.005713729858398
159353000,-20.0,-9.899286270141602,10.005713729858398
159603000,-20.0,-9.889376640319824,10.015623359680175
159603000,-20.0,-9.889376640319824,10.015623359680175
159853000,-20.0,-9.923315048217773,9.981684951782226
159853000,-20.0,-9.923315048217773,9.981684951782226
159853000,-20.0,-9.923315048217773,9.981684951782226
160103000,-20.0,-9.953237533569336,9.951762466430663
160103000,-20.0,-9.953237533569336,9.951762466430663
160353000,-20.0,-9.94515323638916,9.95984676361084
160353000,-20.0,-9.94515323638916,9.95984676361084
160353000,-20.0,-9.94515323638916,9.95984676361084
160603000,-20.0,-9.924121856689453,9.980878143310546
160603000,-20.0,-9.924121856689453,9.980878143310546
160853000,-20.0,-9.916872024536133,9.988127975463867
160853000,-20.0,-9.916872024536133,9.988127975463867
161103000,-20.0,-9.939584732055664,9.965415267944335
161103000,-20.0,-9.939584732055664,9.965415267944335
161103000,-20.0,-9.939584732055664,9.965415267944335
161353000,-20.0,-9.955549240112305,9.949450759887695
161353000,-20.0,-9.955549240112305,9.949450759887695
161603000,-20.0,-9.987585067749023,9.917414932250976
161603000,-20.0,-9.987585067749023,9.917414932250976
161603000,-20.0,-9.987585067749023,9.917414932250976
161853000,-20.0,-10.024138450622559,9.88086154937744
161853000,-20.0,-10.024138450622559,9.88086154937744
162103000,-20.0,-10.003668785095215,9.901331214904785
162103000,-20.0,-10.003668785095215,9.901331214904785
162103000,-20.0,-10.003668785095215,9.901331214904785
162353000,-20.0,-9.971721649169922,9.933278350830077
162353000,-20.0,-9.971721649169922,9.933278350830077
162603000,-20.0,-9.94922161102295,9.95577838897705
162603000,-20.0,-9.94922161102295,9.95577838897705
162853000,-20.0,-9.91974925994873,9.985250740051269
162853000,-20.0,-9.91974925994873,9.985250740051269
162853000,-20.0,-9.91974925994873,9.985250740051269
163103000,-20.0,-9.845519065856934,10.059480934143066
163103000,-20.0,-9.845519065856934,10.059480934143066
163353000,-20.0,-9.805702209472656,10.099297790527343
163353000,-20.0,-9.805702209472656,10.099297790527343
163353000,-20.0,-9.805702209472656,10.099297790527343
163603000,-20.0,-9.800284385681152,10.104715614318847
163603000,-20.0,-9.800284385681152,10.104715614318847
163853000,-20.0,-9.826333999633789,10.07866600036621
163853000,-20.0,-9.826333999633789,10.07866600036621
163853000,-20.0,-9.826333999633789,10.07866600036621
164103000,-20.0,-9.855049133300781,10.049950866699218
164103000,-20.0,-9.855049133300781,10.049950866699218
164353000,-20.0,-9.89601993560791,10.00898006439209
164353000,-20.0,-9.89601993560791,10.00898006439209
164603000,-20.0,-9.923752784729004,9.981247215270995
164603000,-20.0,-9.923752784729004,9.981247215270995
164603000,-20.0,-9.923752784729004,9.981247215270995
164853000,-20.0,-9.937560081481934,9.967439918518066
164853000,-20.0,-9.937560081481934,9.967439918518066
165103000,-19.97,-9.966598510742188,9.90840148925781
165103000,-19.95,-9.966598510742188,9.888401489257811
165103000,-19.92,-9.966598510742188,9.858401489257814
165353000,-19.9,-10.02900218963623,9.775997810363767
165353000,-19.88,-10.02900218963623,9.755997810363768
165603000,-19.85,-10.056353569030762,9.698646430969239
165603000,-19.82,-10.056353569030762,9.668646430969238
165603000,-19.8,-10.056353569030762,9.648646430969238
165853000,-19.77,-10.03725528717041,9.637744712829589
165853000,-19.75,-10.03725528717041,9.61774471282959
166103000,-19.72,-9.972002029418945,9.652997970581053
166103000,-19.7,-9.972002029418945,9.632997970581053
166353000,-19.67,-9.89383602142334,9.681163978576661
166353000,-19.65,-9.89383602142334,9.661163978576658
166353000,-19.62,-9.89383602142334,9.63116397857666
166603000,-19.6,-9.809941291809082,9.695058708190919
166603000,-19.57,-9.809941291809082,9.665058708190918
166853000,-19.55,-9.709216117858887,9.745783882141113
166853000,-19.52,-9.709216117858887,9.715783882141112
166853000,-19.5,-9.709216117858887,9.695783882141113
167103000,-19.47,-9.572863578796387,9.802136421203612
167103000,-19.45,-9.572863578796387,9.782136421203612
167353000,-19.42,-9.447674751281738,9.877325248718263
167353000,-19.4,-9.447674751281738,9.85732524871826
167353000,-19.38,-9.447674751281738,9.83732524871826
167603000,-19.35,-9.307526588439941,9.94747341156006
167603000,-19.32,-9.307526588439941,9.917473411560058
167853000,-19.3,-9.144628524780273,10.060371475219727
167853000,-19.27,-9.144628524780273,10.030371475219725
168103000,-19.25,-9.009978294372559,10.14502170562744
168103000,-19.22,-9.009978294372559,10.11502170562744
168103000,-19.2,-9.009978294372559,10.09502170562744
168353000,-19.17,-8.902434349060059,10.172565650939942
168353000,-19.15,-8.902434349060059,10.15256565093994
168603000,-19.12,-8.88651180267334,10.13848819732666
168603000,-19.1,-8.88651180267334,10.118488197326661
168603000,-19.07,-8.88651180267334,10.08848819732666
168853000,-19.05,-8.909920692443848,10.045079307556152
168853000,-19.02,-8.909920692443848,10.015079307556151
169103000,-19.0,-8.92678451538086,9.97821548461914
169103000,-18.97,-8.92678451538086,9.948215484619139
169103000,-18.95,-8.92678451538086,9.92821548461914
169353000,-18.93,-9.017802238464355,9.817197761535644
169353000,-18.9,-9.017802238464355,9.787197761535642
169603000,-18.88,-9.074743270874023,9.710256729125975
169603000,-18.85,-9.074743270874023,9.680256729125977
169603000,-18.82,-9.074743270874023,9.650256729125976
169853000,-18.8,-9.05663776397705,9.64836223602295
169853000,-18.77,-9.05663776397705,9.618362236022948
170103000,-18.75,-9.015600204467773,9.639399795532226
170103000,-18.72,-9.015600204467773,9.609399795532225
170353000,-18.7,-8.962915420532227,9.642084579467772
170353000,-18.67,-8.962915420532227,9.612084579467775
170353000,-18.65,-8.962915420532227,9.592084579467771
170603000,-18.62,-8.850362777709961,9.67463722229004
170603000,-18.6,-8.850362777709961,9.65463722229004
170853000,-18.57,-8.735001564025879,9.73999843597412
170853000,-18.55,-8.735001564025879,9.719998435974121
170853000,-18.52,-8.735001564025879,9.68999843597412
171103000,-18.5,-8.59860897064209,9.80639102935791
171103000,-18.47,-8.59860897064209,9.776391029357908
171353000,-18.45,-8.444119453430176,9.910880546569823
171353000,-18.42,-8.444119453430176,9.880880546569825
171603000,-18.4,-8.310713768005371,9.994286231994627
171603000,-18.38,-8.310713768005371,9.974286231994627
171603000,-18.35,-8.310713768005371,9.94428623199463
171853000,-18.32,-8.169150352478027,10.055849647521972
171853000,-18.3,-8.169150352478027,10.035849647521973
172103000,-18.27,-8.067572593688965,10.107427406311034
172103000,-18.25,-8.067572593688965,10.087427406311035
172103000,-18.22,-8.067572593688965,10.057427406311033
172353000,-18.2,-8.038704872131348,10.066295127868651
172353000,-18.17,-8.038704872131348,10.036295127868653
172603000,-18.15,-8.049566268920898,10.0054337310791
172603000,-18.12,-8.049566268920898,9.975433731079102
172603000,-18.1,-8.049566268920898,9.955433731079102
172853000,-18.07,-8.05652904510498,9.91847095489502
172853000,-18.05,-8.05652904510498,9.89847095489502
173103000,-18.02,-8.076839447021484,9.848160552978515
173103000,-18.0,-8.076839447021484,9.828160552978515
173103000,-17.98,-8.076839447021484,9.808160552978515
173353000,-17.95,-8.032242774963379,9.82275722503662
173353000,-17.92,-8.032242774963379,9.792757225036622
173603000,-17.9,-7.983656406402588,9.82134359359741
173603000,-17.88,-7.983656406402588,9.80134359359741
173853000,-17.85,-7.954925537109375,9.800074462890626
173853000,-17.82,-7.954925537109375,9.770074462890625
173853000,-17.8,-7.954925537109375,9.750074462890625
174103000,-17.77,-7.912474155426025,9.762525844573974
174103000,-17.75,-7.912474155426025,9.742525844573974
174353000,-17.73,-7.856838703155518,9.778161296844482
174353000,-17.7,-7.856838703155518,9.748161296844481
174353000,-17.67,-7.856838703155518,9.718161296844483
174603000,-17.65,-7.782528400421143,9.772471599578855
174603000,-17.62,-7.782528400421143,9.742471599578858
174853000,-17.6,-7.690365314483643,9.814634685516358
174853000,-17.57,-7.690365314483643,9.784634685516357
175103000,-17.55,-7.607151031494141,9.84784896850586
175103000,-17.52,-7.607151031494141,9.817848968505858
175103000,-17.5,-7.607151031494141,9.797848968505859
175353000,-17.47,-7.556354999542236,9.818645000457762
175353000,-17.45,-7.556354999542236,9.798645000457762
175603000,-17.42,-7.471624374389648,9.853375625610353
175603000,-17.4,-7.471624374389648,9.83337562561035
175603000,-17.38,-7.471624374389648,9.81337562561035
175853000,-17.35,-7.364593029022217,9.890406970977784
175853000,-17.32,-7.364593029022217,9.860406970977783
176103000,-17.3,-7.281436443328857,9.923563556671143
176103000,-17.27,-7.281436443328857,9.893563556671142
176103000,-17.25,-7.281436443328857,9.873563556671142
176353000,-17.22,-7.189593315124512,9.935406684875487
176353000,-17.2,-7.189593315124512,9.915406684875487
176603000,-17.17,-7.093789100646973,9.981210899353028
176603000,-17.15,-7.093789100646973,9.961210899353025
176603000,-17.12,-7.093789100646973,9.931210899353028
176853000,-17.1,-7.008965015411377,9.996034984588624
176853000,-17.07,-7.008965015411377,9.966034984588623
177103000,-17.05,-6.9508514404296875,10.004148559570313
177103000,-17.02,-6.9508514404296875,9.974148559570311
177353000,-17.0,-6.924741268157959,9.98025873184204
177353000,-16.97,-6.924741268157959,9.95025873184204
177353000,-16.95,-6.924741268157959,9.93025873184204
177603000,-16.92,-6.8978166580200195,9.927183341979982
177603000,-16.9,-6.8978166580200195,9.907183341979978
177853000,-16.88,-6.905814170837402,9.879185829162596
177853000,-16.85,-6.905814170837402,9.849185829162598
177853000,-16.82,-6.905814170837402,9.819185829162597
178103000,-16.8,-6.9335784912109375,9.771421508789063
178103000,-16.77,-6.9335784912109375,9.741421508789061
178353000,-16.75,-6.913760662078857,9.741239337921142
178353000,-16.72,-6.913760662078857,9.71123933792114
178353000,-16.7,-6.913760662078857,9.691239337921141
178603000,-16.67,-6.877986907958984,9.697013092041017
178603000,-16.65,-6.877986907958984,9.677013092041014
178853000,-16.62,-6.806468963623047,9.718531036376953
178853000,-16.6,-6.806468963623047,9.698531036376954
179103000,-16.57,-6.690669536590576,9.784330463409423
179103000,-16.55,-6.690669536590576,9.764330463409424
179103000,-16.52,-6.690669536590576,9.734330463409423
179353000,-16.5,-6.580691337585449,9.82430866241455
179353000,-16.47,-6.580691337585449,9.794308662414549
179603000,-16.45,-6.473010540008545,9.881989459991454
179603000,-16.42,-6.473010540008545,9.851989459991456
179603000,-16.4,-6.473010540008545,9.831989459991453
179853000,-16.38,-6.375268936157227,9.909731063842772
179853000,-16.35,-6.375268936157227,9.879731063842774
180103000,-16.32,-6.293529510498047,9.931470489501953
180103000,-16.3,-6.293529510498047,9.911470489501953
180103000,-16.27,-6.293529510498047,9.881470489501952
180353000,-16.25,-6.222299575805664,9.932700424194335
180353000,-16.22,-6.222299575805664,9.902700424194334
180603000,-16.2,-6.154245853424072,9.950754146575926
180603000,-16.17,-6.154245853424072,9.920754146575929
180853000,-16.15,-6.065506458282471,9.989493541717527
180853000,-16.12,-6.065506458282471,9.95949354171753
180853000,-16.1,-6.065506458282471,9.93949354171753
181103000,-16.07,-5.985564231872559,9.989435768127441
181103000,-16.05,-5.985564231872559,9.969435768127441
181353000,-16.02,-5.979116916656494,9.945883083343505
181353000,-16.0,-5.979116916656494,9.925883083343505
181353000,-16.0,-5.979116916656494,9.925883083343505
181603000,-16.0,-5.990758895874023,9.914241104125976
181603000,-16.0,-5.990758895874023,9.914241104125976
181853000,-16.0,-5.966938018798828,9.938061981201171
181853000,-16.0,-5.966938018798828,9.938061981201171
181853000,-16.0,-5.966938018798828,9.938061981201171
182103000,-16.0,-5.933475971221924,9.971524028778076
182103000,-16.0,-5.933475971221924,9.971524028778076
182353000,-16.0,-5.9022369384765625,10.002763061523437
182353000,-16.0,-5.9022369384765625,10.002763061523437
182603000,-16.0,-5.885050296783447,10.019949703216552
182603000,-16.0,-5.885050296783447,10.019949703216552
182603000,-16.0,-5.885050296783447,10.019949703216552
182853000,-16.0,-5.8557000160217285,10.04929998397827
182853000,-16.0,-5.8557000160217285,10.04929998397827
183103000,-16.0,-5.837628364562988,10.067371635437011
183103000,-16.0,-5.837628364562988,10.067371635437011
183103000,-16.0,-5.837628364562988,10.067371635437011
183353000,-16.0,-5.852962970733643,10.052037029266357
183353000,-16.0,-5.852962970733643,10.052037029266357
183603000,-16.0,-5.871888160705566,10.033111839294433
183603000,-16.0,-5.871888160705566,10.033111839294433
183603000,-16.0,-5.871888160705566,10.033111839294433
183853000,-16.0,-5.888589859008789,10.01641014099121
183853000,-16.0,-5.888589859008789,10.01641014099121
184103000,-16.0,-5.893100738525391,10.011899261474609
184103000,-16.0,-5.893100738525391,10.011899261474609
184353000,-16.0,-5.93065881729126,9.97434118270874
184353000,-16.0,-5.93065881729126,9.97434118270874
184353000,-16.0,-5.93065881729126,9.97434118270874
184603000,-16.0,-5.996232032775879,9.90876796722412
184603000,-16.0,-5.996232032775879,9.90876796722412
184853000,-16.0,-6.0098876953125,9.8951123046875
184853000,-16.0,-6.0098876953125,9.8951123046875
184853000,-16.0,-6.0098876953125,9.8951123046875
185103000,-16.0,-6.022846221923828,9.882153778076171
185103000,-16.0,-6.022846221923828,9.882153778076171
185353000,-16.0,-6.031779766082764,9.873220233917236
185353000,-16.0,-6.031779766082764,9.873220233917236
185603000,-16.0,-5.988285541534424,9.916714458465576
185603000,-16.0,-5.988285541534424,9.916714458465576
185603000,-16.0,-5.988285541534424,9.916714458465576
185853000,-16.0,-5.9319939613342285,9.97300603866577
185853000,-16.0,-5.9319939613342285,9.97300603866577
186103000,-16.0,-5.890189170837402,10.014810829162597
186103000,-16.0,-5.890189170837402,10.014810829162597
186103000,-16.0,-5.890189170837402,10.014810829162597
186353000,-16.0,-5.867526531219482,10.037473468780517
186353000,-16.0,-5.867526531219482,10.037473468780517
186603000,-16.0,-5.89686393737793,10.00813606262207
186603000,-16.0,-5.89686393737793,10.00813606262207
186603000,-16.0,-5.89686393737793,10.00813606262207
186853000,-16.0,-5.911109447479248,9.993890552520751
186853000,-16.0,-5.911109447479248,9.993890552520751
187103000,-16.0,-5.89864444732666,10.00635555267334
187103000,-16.0,-5.89864444732666,10.00635555267334
187103000,-16.0,-5.89864444732666,10.00635555267334
187353000,-16.0,-5.911767482757568,9.993232517242431
187353000,-16.0,-5.911767482757568,9.993232517242431
187603000,-16.0,-5.951430797576904,9.953569202423095
187603000,-16.0,-5.951430797576904,9.953569202423095
187853000,-16.0,-5.970743179321289,9.93425682067871
187853000,-16.0,-5.970743179321289,9.93425682067871
187853000,-16.0,-5.970743179321289,9.93425682067871
188103000,-16.0,-5.952840805053711,9.952159194946288
188103000,-16.0,-5.952840805053711,9.952159194946288
188353000,-16.0,-5.934364318847656,9.970635681152343
188353000,-16.0,-5.934364318847656,9.970635681152343
188353000,-16.0,-5.934364318847656,9.970635681152343
188603000,-16.0,-5.918951034545898,9.986048965454101
188603000,-16.0,-5.918951034545898,9.986048965454101
188853000,-16.0,-5.902840614318848,10.002159385681152
188853000,-16.0,-5.902840614318848,10.002159385681152
188853000,-16.0,-5.902840614318848,10.002159385681152
189103000,-16.0,-5.898025989532471,10.006974010467529
189103000,-16.0,-5.898025989532471,10.006974010467529
189353000,-16.0,-5.900763034820557,10.004236965179443
189353000,-16.0,-5.900763034820557,10.004236965179443
189603000,-16.0,-5.91296911239624,9.99203088760376
189603000,-16.0,-5.91296911239624,9.99203088760376
189603000,-16.0,-5.91296911239624,9.99203088760376
189853000,-16.0,-5.945888996124268,9.959111003875732
189853000,-16.0,-5.945888996124268,9.959111003875732
190103000,-16.0,-5.97411584854126,9.93088415145874
190103000,-16.0,-5.97411584854126,9.93088415145874
190103000,-16.0,-5.97411584854126,9.93088415145874
190353000,-16.0,-5.9865593910217285,9.91844060897827
190353000,-16.0,-5.9865593910217285,9.91844060897827
190603000,-16.0,-5.984310626983643,9.920689373016357
190603000,-16.0,-5.984310626983643,9.920689373016357
190603000,-16.0,-5.984310626983643,9.920689373016357
190853000,-16.0,-5.9385294914245605,9.966470508575439
190853000,-16.0,-5.9385294914245605,9.966470508575439
191103000,-16.0,-5.904849052429199,10.0001509475708
191103000,-16.0,-5.904849052429199,10.0001509475708
191353000,-16.0,-5.8862996101379395,10.01870038986206
191353000,-16.0,-5.8862996101379395,10.01870038986206
191353000,-16.0,-5.8862996101379395,10.01870038986206
191603000,-16.0,-5.871175765991211,10.033824234008788
191603000,-16.0,-5.871175765991211,10.033824234008788
191853000,-16.02,-5.874975204467773,10.050024795532225
191853000,-16.05,-5.874975204467773,10.080024795532227
191853000,-16.08,-5.874975204467773,10.110024795532224
192103000,-16.1,-5.874516487121582,10.130483512878419
192103000,-16.12,-5.874516487121582,10.150483512878418
192353000,-16.15,-5.870643138885498,10.1843568611145
192353000,-16.17,-5.870643138885498,10.204356861114503
192353000,-16.2,-5.870643138885498,10.2343568611145
192603000,-16.23,-5.89631986618042,10.23868013381958
192603000,-16.25,-5.89631986618042,10.25868013381958
192853000,-16.27,-5.995293617248535,10.179706382751464
192853000,-16.3,-5.995293617248535,10.209706382751465
193103000,-16.33,-6.121595859527588,10.11340414047241
193103000,-16.35,-6.121595859527588,10.133404140472413
193103000,-16.38,-6.121595859527588,10.16340414047241
193353000,-16.4,-6.220994472503662,10.084005527496336
193353000,-16.42,-6.220994472503662,10.104005527496339
193603000,-16.45,-6.301709175109863,10.053290824890135
193603000,-16.48,-6.301709175109863,10.083290824890137
193603000,-16.5,-6.301709175109863,10.103290824890136
193853000,-16.52,-6.343151569366455,10.081848430633544
193853000,-16.55,-6.343151569366455,10.111848430633545
194103000,-16.58,-6.393482208251953,10.091517791748045
194103000,-16.6,-6.393482208251953,10.111517791748048
194103000,-16.62,-6.393482208251953,10.131517791748047
194353000,-16.65,-6.471401691436768,10.08359830856323
194353000,-16.67,-6.471401691436768,10.103598308563233
194603000,-16.7,-6.557946681976318,10.04705331802368
194603000,-16.73,-6.557946681976318,10.077053318023681
194853000,-16.75,-6.6097187995910645,10.045281200408935
194853000,-16.77,-6.6097187995910645,10.065281200408934
194853000,-16.8,-6.6097187995910645,10.095281200408936
195103000,-16.83,-6.6220831871032715,10.112916812896726
195103000,-16.85,-6.6220831871032715,10.13291681289673
195353000,-16.88,-6.670512676239014,10.114487323760985
195353000,-16.9,-6.670512676239014,10.134487323760984
195353000,-16.92,-6.670512676239014,10.154487323760987
195603000,-16.95,-6.745720386505127,10.109279613494872
195603000,-16.98,-6.745720386505127,10.139279613494873
195853000,-17.0,-6.855121612548828,10.049878387451171
195853000,-17.03,-6.855121612548828,10.079878387451172
195853000,-17.05,-6.855121612548828,10.099878387451172
196103000,-17.08,-6.921380043029785,10.063619956970212
196103000,-17.1,-6.921380043029785,10.083619956970216
196353000,-17.12,-6.967427730560303,10.057572269439698
196353000,-17.15,-6.967427730560303,10.087572269439695
196353000,-17.17,-6.967427730560303,10.107572269439698
196603000,-17.2,-7.0369367599487305,10.068063240051268
196603000,-17.23,-7.0369367599487305,10.09806324005127
196853000,-17.25,-7.123218059539795,10.031781940460204
196853000,-17.28,-7.123218059539795,10.061781940460206
197103000,-17.3,-7.181124210357666,10.023875789642334
197103000,-17.33,-7.181124210357666,10.053875789642332
197103000,-17.35,-7.181124210357666,10.073875789642335
197353000,-17.38,-7.21101713180542,10.073982868194578
197353000,-17.4,-7.21101713180542,10.093982868194578
197603000,-17.42,-7.229786396026611,10.09521360397339
197603000,-17.45,-7.229786396026611,10.125213603973387
197603000,-17.48,-7.229786396026611,10.155213603973388
197853000,-17.5,-7.265964508056641,10.139035491943359
197853000,-17.53,-7.265964508056641,10.16903549194336
198103000,-17.55,-7.347244739532471,10.10775526046753
198103000,-17.58,-7.347244739532471,10.137755260467527
198103000,-17.6,-7.347244739532471,10.15775526046753
198353000,-17.62,-7.418551921844482,10.106448078155518
198353000,-17.65,-7.418551921844482,10.136448078155516
198603000,-17.67,-7.482477188110352,10.09252281188965
198603000,-17.7,-7.482477188110352,10.122522811889647
198853000,-17.73,-7.552548408508301,10.082451591491699
198853000,-17.75,-7.552548408508301,10.102451591491699
198853000,-17.78,-7.552548408508301,10.1324515914917
199103000,-17.8,-7.6195831298828125,10.085416870117188
199103000,-17.83,-7.6195831298828125,10.115416870117185
199353000,-17.85,-7.7065749168396,10.048425083160401
199353000,-17.88,-7.7065749168396,10.078425083160399
199353000,-17.9,-7.7065749168396,10.098425083160398
199603000,-17.92,-7.784957408905029,10.040042591094972
199603000,-17.95,-7.784957408905029,10.07004259109497
199853000,-17.98,-7.863516330718994,10.021483669281006
199853000,-18.0,-7.863516330718994,10.041483669281005
199853000,-18.02,-7.863516330718994,10.061483669281005
200103000,-18.05,-7.9311842918396,10.0238157081604
200103000,-18.08,-7.9311842918396,10.053815708160398
200353000,-18.1,-7.931750297546387,10.073249702453614
200353000,-18.12,-7.931750297546387,10.093249702453614
200353000,-18.15,-7.931750297546387,10.123249702453611
200603000,-18.18,-7.909773349761963,10.175226650238036
200603000,-18.2,-7.909773349761963,10.195226650238036
200853000,-18.23,-7.954946517944336,10.180053482055664
200853000,-18.25,-7.954946517944336,10.200053482055663
201103000,-18.27,-8.056209564208984,10.118790435791015
201103000,-18.3,-8.056209564208984,10.148790435791016
201103000,-18.33,-8.056209564208984,10.178790435791013
201353000,-18.35,-8.168320655822754,10.086679344177247
201353000,-18.38,-8.168320655822754,10.116679344177244
201603000,-18.4,-8.243998527526855,10.061001472473142
201603000,-18.43,-8.243998527526855,10.091001472473144
201603000,-18.45,-8.243998527526855,10.111001472473143
201853000,-18.48,-8.274910926818848,10.110089073181152
201853000,-18.5,-8.274910926818848,10.130089073181152
202103000,-18.53,-8.340476989746094,10.094523010253907
202103000,-18.55,-8.340476989746094,10.114523010253906
202103000,-18.58,-8.340476989746094,10.144523010253904
202353000,-18.6,-8.426777839660645,10.078222160339356
202353000,-18.62,-8.426777839660645,10.098222160339356
202603000,-18.65,-8.506695747375488,10.04830425262451
202603000,-18.68,-8.506695747375488,10.07830425262451
202853000,-18.7,-8.54796314239502,10.05703685760498
202853000,-18.73,-8.54796314239502,10.08703685760498
202853000,-18.75,-8.54796314239502,10.10703685760498
203103000,-18.78,-8.613574981689453,10.071425018310547
203103000,-18.8,-8.613574981689453,10.091425018310547
203353000,-18.83,-8.687301635742188,10.04769836425781
203353000,-18.85,-8.687301635742188,10.067698364257813
203353000,-18.88,-8.687301635742188,10.09769836425781
203603000,-18.9,-8.741667747497559,10.06333225250244
203603000,-18.93,-8.741667747497559,10.09333225250244
203853000,-18.95,-8.77955436706543,10.075445632934569
203853000,-18.98,-8.77955436706543,10.10544563293457
204103000,-19.0,-8.83009147644043,10.07490852355957
204103000,-19.03,-8.83009147644043,10.10490852355957
204103000,-19.05,-8.83009147644043,10.12490852355957
204353000,-19.08,-8.872445106506348,10.11255489349365
204353000,-19.1,-8.872445106506348,10.132554893493653
204603000,-19.12,-8.910752296447754,10.114247703552246
204603000,-19.15,-8.910752296447754,10.144247703552244
204603000,-19.18,-8.910752296447754,10.174247703552245
204853000,-19.2,-9.021956443786621,10.083043556213378
204853000,-19.23,-9.021956443786621,10.113043556213379
205103000,-19.25,-9.122870445251465,10.032129554748535
205103000,-19.28,-9.122870445251465,10.062129554748536
205103000,-19.3,-9.122870445251465,10.082129554748535
205353000,-19.33,-9.16693115234375,10.068068847656248
205353000,-19.35,-9.16693115234375,10.08806884765625
205603000,-19.38,-9.177473068237305,10.107526931762694
205603000,-19.4,-9.177473068237305,10.127526931762693
205853000,-19.43,-9.240534782409668,10.094465217590331
205853000,-19.45,-9.240534782409668,10.11446521759033
205853000,-19.48,-9.240534782409668,10.144465217590332
206103000,-19.5,-9.319002151489258,10.085997848510742
206103000,-19.53,-9.319002151489258,10.115997848510743
206353000,-19.55,-9.4050874710083,10.0499125289917
206353000,-19.58,-9.4050874710083,10.079912528991697
206353000,-19.6,-9.4050874710083,10.0999125289917
206603000,-19.62,-9.46794605255127,10.05705394744873
206603000,-19.65,-9.46794605255127,10.087053947448728
206853000,-19.68,-9.525473594665527,10.059526405334472
206853000,-19.7,-9.525473594665527,10.079526405334471
206853000,-19.73,-9.525473594665527,10.109526405334472
207103000,-19.75,-9.583298683166504,10.071701316833495
207103000,-19.78,-9.583298683166504,10.101701316833497
207353000,-19.8,-9.615966796875,10.089033203125
207353000,-19.83,-9.615966796875,10.119033203124998
207353000,-19.85,-9.615966796875,10.139033203125
207603000,-19.88,-9.652824401855469,10.13217559814453
207603000,-19.9,-9.652824401855469,10.15217559814453
207853000,-19.93,-9.703697204589844,10.131302795410155
207853000,-19.95,-9.703697204589844,10.151302795410155
208103000,-19.98,-9.786797523498535,10.098202476501465
208103000,-20.0,-9.786797523498535,10.118202476501464
208103000,-20.0,-9.786797523498535,10.118202476501464
208353000,-20.0,-9.836142539978027,10.068857460021972
208353000,-20.0,-9.836142539978027,10.068857460021972
208603000,-20.0,-9.887304306030273,10.017695693969726
208603000,-20.0,-9.887304306030273,10.017695693969726
208603000,-20.0,-9.887304306030273,10.017695693969726
208853000,-20.0,-9.927458763122559,9.97754123687744
208853000,-20.0,-9.927458763122559,9.97754123687744
209103000,-20.0,-10.023093223571777,9.881906776428222
209103000,-20.0,-10.023093223571777,9.881906776428222
209353000,-20.0,-10.108440399169922,9.796559600830077
209353000,-20.0,-10.108440399169922,9.796559600830077
209353000,-20.0,-10.108440399169922,9.796559600830077
209603000,-20.0,-10.12984848022461,9.77515151977539
209603000,-20.0,-10.12984848022461,9.77515151977539
209853000,-20.0,-10.108488082885742,9.796511917114257
209853000,-20.0,-10.108488082885742,9.796511917114257
209853000,-20.0,-10.108488082885742,9.796511917114257
210103000,-20.0,-10.094351768493652,9.810648231506347
210103000,-20.0,-10.094351768493652,9.810648231506347
210353000,-20.0,-10.035920143127441,9.869079856872558
210353000,-20.0,-10.035920143127441,9.869079856872558
210353000,-20.0,-10.035920143127441,9.869079856872558
210603000,-20.0,-9.946637153625488,9.958362846374511
210603000,-20.0,-9.946637153625488,9.958362846374511
210853000,-20.0,-9.852025032043457,10.052974967956542
210853000,-20.0,-9.852025032043457,10.052974967956542
210853000,-20.0,-9.852025032043457,10.052974967956542
211103000,-20.0,-9.810098648071289,10.09490135192871
211103000,-20.0,-9.810098648071289,10.09490135192871
211353000,-20.0,-9.786709785461426,10.118290214538574
211353000,-20.0,-9.786709785461426,10.118290214538574
211603000,-20.0,-9.761736869812012,10.143263130187988
211603000,-20.0,-9.761736869812012,10.143263130187988
211603000,-20.0,-9.761736869812012,10.143263130187988
211853000,-20.0,-9.768749237060547,10.136250762939452
211853000,-20.0,-9.768749237060547,10.136250762939452
212103000,-20.0,-9.807422637939453,10.097577362060546
212103000,-20.0,-9.807422637939453,10.097577362060546
212103000,-20.0,-9.807422637939453,10.097577362060546
212353000,-20.0,-9.891321182250977,10.013678817749023
212353000,-20.0,-9.891321182250977,10.013678817749023
212603000,-20.0,-9.95849323272705,9.946506767272949
212603000,-20.0,-9.95849323272705,9.946506767272949
212603000,-20.0,-9.95849323272705,9.946506767272949
212853000,-20.0,-9.992323875427246,9.912676124572753
212853000,-20.0,-9.992323875427246,9.912676124572753
213103000,-20.0,-10.013412475585938,9.891587524414062
213103000,-20.0,-10.013412475585938,9.891587524414062
213353000,-20.0,-10.024246215820312,9.880753784179687
213353000,-20.0,-10.024246215820312,9.880753784179687
213353000,-20.0,-10.024246215820312,9.880753784179687
213603000,-20.0,-10.023223876953125,9.881776123046874
213603000,-20.0,-10.023223876953125,9.881776123046874
213853000,-20.0,-10.030011177062988,9.874988822937011
213853000,-20.0,-10.030011177062988,9.874988822937011
213853000,-20.0,-10.030011177062988,9.874988822937011
214103000,-20.0,-10.009636878967285,9.895363121032714
214103000,-20.0,-10.009636878967285,9.895363121032714
214353000,-20.0,-9.965250015258789,9.93974998474121
214353000,-20.0,-9.965250015258789,9.93974998474121
214353000,-20.0,-9.965250015258789,9.93974998474121
214603000,-20.0,-9.968779563903809,9.93622043609619
214603000,-20.0,-9.968779563903809,9.93622043609619
214853000,-20.0,-9.955143928527832,9.949856071472167
214853000,-20.0,-9.955143928527832,9.949856071472167
215103000,-20.0,-9.89535903930664,10.009640960693359
215103000,-20.0,-9.89535903930664,10.009640960693359
215103000,-20.0,-9.89535903930664,10.009640960693359
215353000,-20.0,-9.87726879119873,10.027731208801269
215353000,-20.0,-9.87726879119873,10.027731208801269
215603000,-20.0,-9.8656587600708,10.039341239929199
215603000,-20.0,-9.8656587600708,10.039341239929199
215603000,-20.0,-9.8656587600708,10.039341239929199
215853000,-20.0,-9.827840805053711,10.077159194946288
215853000,-20.0,-9.827840805053711,10.077159194946288
216103000,-20.0,-9.777899742126465,10.127100257873535
216103000,-20.0,-9.777899742126465,10.127100257873535
216103000,-20.0,-9.777899742126465,10.127100257873535
216353000,-20.0,-9.777055740356445,10.127944259643554
216353000,-20.0,-9.777055740356445,10.127944259643554
216603000,-20.0,-9.84078311920166,10.06421688079834
216603000,-20.0,-9.84078311920166,10.06421688079834
216853000,-20.0,-9.890504837036133,10.014495162963867
216853000,-20.0,-9.890504837036133,10.014495162963867
216853000,-20.0,-9.890504837036133,10.014495162963867
217103000,-20.0,-9.976378440856934,9.928621559143066
217103000,-20.0,-9.976378440856934,9.928621559143066
217353000,-20.0,-10.03635311126709,9.86864688873291
217353000,-20.0,-10.03635311126709,9.86864688873291
217353000,-20.0,-10.03635311126709,9.86864688873291
217603000,-20.0,-10.05162525177002,9.85337474822998
217603000,-20.0,-10.05162525177002,9.85337474822998
217853000,-20.0,-10.047215461730957,9.857784538269042
217853000,-20.0,-10.047215461730957,9.857784538269042
217853000,-20.0,-10.047215461730957,9.857784538269042
218103000,-20.0,-10.004499435424805,9.900500564575195
218103000,-20.0,-10.004499435424805,9.900500564575195
218353000,-20.0,-9.957120895385742,9.947879104614257
218353000,-20.0,-9.957120895385742,9.947879104614257
218353000,-19.97,-9.957120895385742,9.917879104614256
218603000,-19.95,-9.937707901000977,9.917292098999022
218603000,-19.92,-9.937707901000977,9.887292098999025
218853000,-19.9,-9.929106712341309,9.87589328765869
218853000,-19.88,-9.929106712341309,9.85589328765869
219103000,-19.85,-9.883899688720703,9.871100311279298
219103000,-19.82,-9.883899688720703,9.841100311279297
219103000,-19.8,-9.883899688720703,9.821100311279297
219353000,-19.77,-9.84902286529541,9.825977134704589
219353000,-19.75,-9.84902286529541,9.80597713470459
219603000,-19.72,-9.818182945251465,9.806817054748533
219603000,-19.7,-9.818182945251465,9.786817054748534
219603000,-19.67,-9.818182945251465,9.756817054748536
219853000,-19.65,-9.803901672363281,9.751098327636717
219853000,-19.62,-9.803901672363281,9.721098327636719
220103000,-19.6,-9.742634773254395,9.762365226745606
220103000,-19.57,-9.742634773254395,9.732365226745605
220353000,-19.55,-9.67487621307373,9.78012378692627
220353000,-19.52,-9.67487621307373,9.750123786926268
220353000,-19.5,-9.67487621307373,9.730123786926269
220603000,-19.47,-9.555794715881348,9.81920528411865
220603000,-19.45,-9.555794715881348,9.799205284118651
220853000,-19.42,-9.446772575378418,9.878227424621583
220853000,-19.4,-9.446772575378418,9.85822742462158
220853000,-19.38,-9.446772575378418,9.83822742462158
220853000,-19.35,-9.446772575378418,9.808227424621583
220853000,-19.32,-9.446772575378418,9.778227424621582
220853000,-19.3,-9.446772575378418,9.758227424621582
220853000,-19.27,-9.446772575378418,9.728227424621581
220853000,-19.25,-9.446772575378418,9.708227424621581
220853000,-19.22,-9.446772575378418,9.67822742462158
220853000,-19.2,-9.446772575378418,9.65822742462158
220853000,-19.17,-9.446772575378418,9.628227424621583
220853000,-19.15,-9.446772575378418,9.60822742462158
220853000,-19.12,-9.446772575378418,9.578227424621582
220853000,-19.1,-9.446772575378418,9.558227424621583
220853000,-19.07,-9.446772575378418,9.528227424621582
220853000,-19.05,-9.446772575378418,9.508227424621582
220853000,-19.02,-9.446772575378418,9.478227424621581
220853000,-19.0,-9.446772575378418,9.458227424621581
220853000,-18.97,-9.446772575378418,9.42822742462158
220853000,-18.95,-9.446772575378418,9.40822742462158
220853000,-18.93,-9.446772575378418,9.388227424621581
220853000,-18.9,-9.446772575378418,9.35822742462158
220853000,-18.88,-9.446772575378418,9.33822742462158
220853000,-18.85,-9.446772575378418,9.308227424621583
220853000,-18.82,-9.446772575378418,9.278227424621582
