timestamp,terrain_z,sub_z,rf
1678293416.519529,-20.0,-10.116804122924805,9.788195877075195
1678293416.519529,-20.0,-10.116804122924805,9.788195877075195
1678293416.7264442,-20.0,-10.0991849899292,9.8058150100708
1678293416.7264442,-20.0,-10.0991849899292,9.8058150100708
1678293416.9319108,-20.0,-10.05337905883789,9.851620941162109
1678293416.9319108,-20.0,-10.05337905883789,9.851620941162109
1678293416.9319108,-20.0,-10.05337905883789,9.851620941162109
1678293417.2399657,-20.0,-9.995671272277832,9.909328727722167
1678293417.2399657,-20.0,-9.995671272277832,9.909328727722167
1678293417.4451144,-20.0,-9.982337951660156,9.922662048339843
1678293417.4451144,-20.0,-9.982337951660156,9.922662048339843
1678293417.4451144,-20.0,-9.982337951660156,9.922662048339843
1678293417.7533314,-20.0,-9.972553253173828,9.932446746826171
1678293417.7533314,-20.0,-9.972553253173828,9.932446746826171
1678293417.9593463,-20.0,-9.939101219177246,9.965898780822753
1678293417.9593463,-20.0,-9.939101219177246,9.965898780822753
1678293418.1670182,-20.0,-9.893333435058594,10.011666564941406
1678293418.1670182,-20.0,-9.893333435058594,10.011666564941406
1678293418.1670182,-20.0,-9.893333435058594,10.011666564941406
1678293418.476785,-20.0,-9.860573768615723,10.044426231384277
1678293418.476785,-20.0,-9.860573768615723,10.044426231384277
1678293418.6825259,-20.0,-9.800759315490723,10.104240684509277
1678293418.6825259,-20.0,-9.800759315490723,10.104240684509277
1678293418.6825259,-20.0,-9.800759315490723,10.104240684509277
1678293418.9912324,-20.0,-9.75144100189209,10.15355899810791
1678293418.9912324,-20.0,-9.75144100189209,10.15355899810791
1678293419.1985261,-20.0,-9.738683700561523,10.166316299438476
1678293419.1985261,-20.0,-9.738683700561523,10.166316299438476
1678293419.4030595,-20.0,-9.751669883728027,10.153330116271972
1678293419.4030595,-20.0,-9.751669883728027,10.153330116271972
1678293419.4030595,-20.0,-9.751669883728027,10.153330116271972
1678293419.7080424,-20.0,-9.768548965454102,10.136451034545898
1678293419.7080424,-20.0,-9.768548965454102,10.136451034545898
1678293419.9149168,-20.0,-9.77023696899414,10.134763031005859
1678293419.9149168,-20.0,-9.77023696899414,10.134763031005859
1678293419.9149168,-20.0,-9.77023696899414,10.134763031005859
1678293420.2243533,-20.0,-9.755990028381348,10.149009971618652
1678293420.2243533,-20.0,-9.755990028381348,10.149009971618652
1678293420.4291463,-20.0,-9.699917793273926,10.205082206726074
1678293420.4291463,-20.0,-9.699917793273926,10.205082206726074
1678293420.4291463,-20.0,-9.699917793273926,10.205082206726074
1678293420.7342827,-20.0,-9.662001609802246,10.242998390197753
1678293420.7342827,-20.0,-9.662001609802246,10.242998390197753
1678293420.9403183,-20.0,-9.64370346069336,10.26129653930664
1678293420.9403183,-20.0,-9.64370346069336,10.26129653930664
1678293420.9403183,-20.0,-9.64370346069336,10.26129653930664
1678293421.2505038,-20.0,-9.59888744354248,10.306112556457519
1678293421.2505038,-20.0,-9.59888744354248,10.306112556457519
1678293421.4574485,-20.0,-9.54775619506836,10.35724380493164
1678293421.4574485,-20.0,-9.54775619506836,10.35724380493164
1678293421.667937,-20.0,-9.53194522857666,10.37305477142334
1678293421.667937,-20.0,-9.53194522857666,10.37305477142334
1678293421.667937,-20.0,-9.53194522857666,10.37305477142334
1678293421.9763274,-20.0,-9.560282707214355,10.344717292785644
1678293421.9763274,-20.0,-9.560282707214355,10.344717292785644
1678293422.1812334,-20.0,-9.556979179382324,10.348020820617675
1678293422.1812334,-20.0,-9.556979179382324,10.348020820617675
1678293422.1812334,-20.0,-9.556979179382324,10.348020820617675
1678293422.4882224,-20.0,-9.520173072814941,10.384826927185058
1678293422.4882224,-20.0,-9.520173072814941,10.384826927185058
1678293422.6943853,-20.0,-9.515791893005371,10.389208106994628
1678293422.6943853,-20.0,-9.515791893005371,10.389208106994628
1678293422.6943853,-20.0,-9.515791893005371,10.389208106994628
1678293423.0013554,-20.0,-9.542755126953125,10.362244873046874
1678293423.0013554,-20.0,-9.542755126953125,10.362244873046874
1678293423.2091105,-20.0,-9.536975860595703,10.368024139404296
1678293423.2091105,-20.0,-9.536975860595703,10.368024139404296
1678293423.4182339,-20.0,-9.542318344116211,10.362681655883788
1678293423.4182339,-20.0,-9.542318344116211,10.362681655883788
1678293423.4182339,-20.0,-9.542318344116211,10.362681655883788
1678293423.727966,-20.0,-9.534997940063477,10.370002059936523
1678293423.727966,-20.0,-9.534997940063477,10.370002059936523
1678293423.9331326,-20.0,-9.555787086486816,10.349212913513183
1678293423.9331326,-20.0,-9.555787086486816,10.349212913513183
1678293423.9331326,-20.0,-9.555787086486816,10.349212913513183
1678293424.2404876,-20.0,-9.61620044708252,10.28879955291748
1678293424.2404876,-20.0,-9.61620044708252,10.28879955291748
1678293424.445709,-20.0,-9.665404319763184,10.239595680236816
1678293424.445709,-20.0,-9.665404319763184,10.239595680236816
1678293424.445709,-20.0,-9.665404319763184,10.239595680236816
1678293424.752892,-20.0,-9.667787551879883,10.237212448120117
1678293424.752892,-20.0,-9.667787551879883,10.237212448120117
1678293424.959658,-20.0,-9.638432502746582,10.266567497253417
1678293424.959658,-20.0,-9.638432502746582,10.266567497253417
1678293425.1716402,-20.0,-9.61960506439209,10.28539493560791
1678293425.1716402,-20.0,-9.61960506439209,10.28539493560791
1678293425.1716402,-20.0,-9.61960506439209,10.28539493560791
1678293425.481889,-20.0,-9.60930061340332,10.295699386596679
1678293425.481889,-20.0,-9.60930061340332,10.295699386596679
1678293425.6905453,-20.0,-9.570511817932129,10.33448818206787
1678293425.6905453,-20.0,-9.570511817932129,10.33448818206787
1678293425.6905453,-20.0,-9.570511817932129,10.33448818206787
1678293425.999455,-20.0,-9.557425498962402,10.347574501037597
1678293425.999455,-20.0,-9.557425498962402,10.347574501037597
1678293426.2053123,-20.0,-9.559502601623535,10.345497398376464
1678293426.2053123,-20.0,-9.559502601623535,10.345497398376464
1678293426.4084504,-20.0,-9.530982971191406,10.374017028808593
1678293426.4084504,-20.0,-9.530982971191406,10.374017028808593
1678293426.4084504,-20.0,-9.530982971191406,10.374017028808593
1678293426.7124856,-20.0,-9.496028900146484,10.408971099853515
1678293426.7124856,-16.0,-9.496028900146484,6.408971099853516
1678293426.918258,-16.0,-9.512578010559082,6.392421989440918
1678293426.918258,-16.0,-9.512578010559082,6.392421989440918
1678293426.918258,-16.0,-9.512578010559082,6.392421989440918
1678293427.2242658,-16.0,-9.524091720581055,6.380908279418946
1678293427.2242658,-16.0,-9.524091720581055,6.380908279418946
1678293427.4279118,-16.0,-9.393088340759277,6.511911659240723
1678293427.4279118,-16.0,-9.393088340759277,6.511911659240723
1678293427.4279118,-16.0,-9.393088340759277,6.511911659240723
1678293427.7329805,-16.0,-9.109274864196777,6.795725135803223
1678293427.7329805,-16.0,-9.109274864196777,6.795725135803223
1678293427.9370859,-16.0,-8.782095909118652,7.122904090881348
1678293427.9370859,-16.0,-8.782095909118652,7.122904090881348
1678293427.9370859,-16.0,-8.782095909118652,7.122904090881348
1678293428.2436242,-16.0,-8.438106536865234,7.466893463134766
1678293428.2436242,-16.0,-8.438106536865234,7.466893463134766
1678293428.4509816,-16.0,-8.089455604553223,7.815544395446778
1678293428.4509816,-16.0,-8.089455604553223,7.815544395446778
1678293428.661926,-16.0,-7.723283290863037,8.181716709136962
1678293428.661926,-16.0,-7.723283290863037,8.181716709136962
1678293428.661926,-16.0,-7.723283290863037,8.181716709136962
1678293428.9698155,-16.0,-7.373145580291748,8.531854419708251
1678293428.9698155,-16.0,-7.373145580291748,8.531854419708251
1678293429.1749768,-16.0,-7.033268451690674,8.871731548309326
1678293429.1749768,-16.0,-7.033268451690674,8.871731548309326
1678293429.1749768,-16.0,-7.033268451690674,8.871731548309326
1678293429.4835207,-16.0,-6.743093490600586,9.161906509399413
1678293429.4835207,-16.0,-6.743093490600586,9.161906509399413
1678293429.692344,-16.0,-6.433904647827148,9.471095352172851
1678293429.692344,-16.0,-6.433904647827148,9.471095352172851
1678293429.692344,-16.0,-6.433904647827148,9.471095352172851
1678293430.0008714,-16.0,-6.103822231292725,9.801177768707275
1678293430.0008714,-16.0,-6.103822231292725,9.801177768707275
1678293430.2070441,-16.0,-5.791525363922119,10.11347463607788
1678293430.2070441,-16.0,-5.791525363922119,10.11347463607788
1678293430.41411,-16.0,-5.508439540863037,10.396560459136962
1678293430.41411,-16.0,-5.508439540863037,10.396560459136962
1678293430.41411,-16.0,-5.508439540863037,10.396560459136962
1678293430.7211134,-16.0,-5.215112209320068,10.689887790679931
1678293430.7211134,-16.0,-5.215112209320068,10.689887790679931
1678293430.9282694,-16.0,-4.925146579742432,10.979853420257568
1678293430.9282694,-16.0,-4.925146579742432,10.979853420257568
1678293430.9282694,-16.0,-4.925146579742432,10.979853420257568
1678293431.2366567,-16.0,-4.638256549835205,11.266743450164794
1678293431.2366567,-16.0,-4.638256549835205,11.266743450164794
1678293431.4411094,-16.0,-4.332250595092773,11.572749404907226
1678293431.4411094,-16.0,-4.332250595092773,11.572749404907226
1678293431.4411094,-16.0,-4.332250595092773,11.572749404907226
1678293431.7481236,-16.0,-4.0183210372924805,11.886678962707519
1678293431.7481236,-16.0,-4.0183210372924805,11.886678962707519
1678293431.9540703,-16.0,-3.849040985107422,12.055959014892577
1678293431.9540703,-16.0,-3.849040985107422,12.055959014892577
1678293432.1615546,-16.0,-3.9355456829071045,11.969454317092895
1678293432.1615546,-16.0,-3.9355456829071045,11.969454317092895
1678293432.1615546,-16.0,-3.9355456829071045,11.969454317092895
1678293432.469175,-16.0,-4.194319248199463,11.710680751800536
1678293432.469175,-16.0,-4.194319248199463,11.710680751800536
1678293432.677055,-16.0,-4.54424524307251,11.36075475692749
1678293432.677055,-16.0,-4.54424524307251,11.36075475692749
1678293432.677055,-16.0,-4.54424524307251,11.36075475692749
1678293432.985653,-16.0,-4.884614944458008,11.020385055541992
1678293432.985653,-16.0,-4.884614944458008,11.020385055541992
1678293433.1915672,-16.0,-5.229214191436768,10.675785808563232
1678293433.1915672,-16.0,-5.229214191436768,10.675785808563232
1678293433.1915672,-16.0,-5.229214191436768,10.675785808563232
1678293433.4990165,-16.0,-5.567300319671631,10.337699680328369
1678293433.4990165,-16.0,-5.567300319671631,10.337699680328369
1678293433.7042956,-16.0,-5.867791175842285,10.037208824157714
1678293433.7042956,-16.0,-5.867791175842285,10.037208824157714
1678293433.9126983,-16.0,-6.1449689865112305,9.760031013488769
1678293433.9126983,-16.0,-6.1449689865112305,9.760031013488769
1678293433.9126983,-16.0,-6.1449689865112305,9.760031013488769
1678293434.220952,-16.0,-6.3971428871154785,9.50785711288452
1678293434.220952,-16.0,-6.3971428871154785,9.50785711288452
1678293434.4260166,-16.0,-6.544052600860596,9.360947399139404
1678293434.4260166,-16.0,-6.544052600860596,9.360947399139404
1678293434.4260166,-16.0,-6.544052600860596,9.360947399139404
1678293434.7331812,-16.0,-6.516482353210449,9.38851764678955
1678293434.7331812,-16.0,-6.516482353210449,9.38851764678955
1678293434.9402435,-16.0,-6.3551177978515625,9.549882202148437
1678293434.9402435,-16.0,-6.3551177978515625,9.549882202148437
1678293434.9402435,-16.0,-6.3551177978515625,9.549882202148437
1678293435.248502,-16.0,-6.1278605461120605,9.777139453887939
1678293435.248502,-16.0,-6.1278605461120605,9.777139453887939
1678293435.4543536,-16.0,-5.867340564727783,10.037659435272216
1678293435.4543536,-16.0,-5.867340564727783,10.037659435272216
1678293435.4543536,-16.0,-5.867340564727783,10.037659435272216
1678293435.7629461,-16.0,-5.655715465545654,10.249284534454345
1678293435.7629461,-16.0,-5.655715465545654,10.249284534454345
1678293435.968531,-16.0,-5.480596542358398,10.424403457641601
1678293435.968531,-16.0,-5.480596542358398,10.424403457641601
1678293436.1739907,-16.0,-5.302064418792725,10.602935581207275
1678293436.1739907,-16.0,-5.302064418792725,10.602935581207275
1678293436.1739907,-16.0,-5.302064418792725,10.602935581207275
1678293436.4817142,-16.0,-5.14190673828125,10.76309326171875
1678293436.4817142,-16.0,-5.14190673828125,10.76309326171875
1678293436.6896448,-16.0,-5.056735515594482,10.848264484405517
1678293436.6896448,-16.0,-5.056735515594482,10.848264484405517
1678293436.6896448,-16.0,-5.056735515594482,10.848264484405517
1678293436.9982517,-16.0,-5.005681991577148,10.899318008422851
1678293436.9982517,-16.0,-5.005681991577148,10.899318008422851
1678293437.203897,-16.02,-5.0152082443237305,10.909791755676268
1678293437.203897,-16.05,-5.0152082443237305,10.93979175567627
1678293437.4075956,-16.08,-5.112217426300049,10.872782573699949
1678293437.4075956,-16.1,-5.112217426300049,10.892782573699952
1678293437.4075956,-16.12,-5.112217426300049,10.912782573699952
1678293437.711446,-16.15,-5.315029621124268,10.73997037887573
1678293437.711446,-16.17,-5.315029621124268,10.759970378875733
1678293437.9174564,-16.2,-5.544034481048584,10.560965518951415
1678293437.9174564,-16.23,-5.544034481048584,10.590965518951416
1678293437.9174564,-16.25,-5.544034481048584,10.610965518951415
1678293438.224386,-16.27,-5.746589183807373,10.428410816192626
1678293438.224386,-16.3,-5.746589183807373,10.458410816192627
1678293438.4296286,-16.33,-5.92816686630249,10.306833133697507
1678293438.4296286,-16.35,-5.92816686630249,10.32683313369751
1678293438.4296286,-16.38,-5.92816686630249,10.356833133697508
1678293438.736937,-16.4,-6.069332599639893,10.235667400360105
1678293438.736937,-16.42,-6.069332599639893,10.255667400360108
1678293438.9417777,-16.45,-6.191998481750488,10.16300151824951
1678293438.9417777,-16.48,-6.191998481750488,10.193001518249512
1678293438.9417777,-16.5,-6.191998481750488,10.213001518249511
1678293439.2479417,-16.52,-6.271853923797607,10.153146076202392
1678293439.2479417,-16.55,-6.271853923797607,10.183146076202393
1678293439.45599,-16.58,-6.319531440734863,10.165468559265134
1678293439.45599,-16.6,-6.319531440734863,10.185468559265138
1678293439.664489,-16.62,-6.303952693939209,10.221047306060791
1678293439.664489,-16.65,-6.303952693939209,10.251047306060789
1678293439.664489,-16.67,-6.303952693939209,10.271047306060792
1678293439.970907,-16.7,-6.3068952560424805,10.298104743957518
1678293439.970907,-16.73,-6.3068952560424805,10.32810474395752
1678293440.1767282,-16.75,-6.295148849487305,10.359851150512695
1678293440.1767282,-16.77,-6.295148849487305,10.379851150512694
1678293440.1767282,-16.8,-6.295148849487305,10.409851150512695
1678293440.4829087,-16.83,-6.279310703277588,10.45568929672241
1678293440.4829087,-16.85,-6.279310703277588,10.475689296722413
1678293440.6909082,-16.88,-6.267368793487549,10.51763120651245
1678293440.6909082,-16.9,-6.267368793487549,10.537631206512449
1678293440.6909082,-16.92,-6.267368793487549,10.557631206512452
1678293440.9978762,-16.95,-6.267606258392334,10.587393741607665
1678293440.9978762,-16.98,-6.267606258392334,10.617393741607666
1678293441.2030218,-17.0,-6.27744197845459,10.62755802154541
1678293441.2030218,-17.03,-6.27744197845459,10.65755802154541
1678293441.4066272,-17.05,-6.311553955078125,10.643446044921875
1678293441.4066272,-17.08,-6.311553955078125,10.673446044921873
1678293441.4066272,-17.1,-6.311553955078125,10.693446044921876
1678293441.7115881,-17.12,-6.387994766235352,10.637005233764649
1678293441.7115881,-17.15,-6.387994766235352,10.667005233764646
1678293441.9195976,-17.17,-6.478780746459961,10.59621925354004
1678293441.9195976,-17.2,-6.478780746459961,10.626219253540038
1678293441.9195976,-17.23,-6.478780746459961,10.656219253540039
1678293442.2268841,-17.25,-6.603975772857666,10.551024227142333
1678293442.2268841,-17.28,-6.603975772857666,10.581024227142334
1678293442.4314759,-17.3,-6.750760078430176,10.454239921569824
1678293442.4314759,-17.33,-6.750760078430176,10.484239921569822
1678293442.4314759,-17.35,-6.750760078430176,10.504239921569825
1678293442.7372706,-17.38,-6.927150726318359,10.357849273681639
1678293442.7372706,-17.4,-6.927150726318359,10.377849273681639
1678293442.9423046,-17.42,-7.089540004730225,10.235459995269776
1678293442.9423046,-17.45,-7.089540004730225,10.265459995269774
1678293442.9423046,-17.48,-7.089540004730225,10.295459995269775
1678293443.2504277,-17.5,-7.222131252288818,10.182868747711181
1678293443.2504277,-17.53,-7.222131252288818,10.212868747711182
1678293443.456061,-17.55,-7.2450337409973145,10.209966259002686
1678293443.456061,-17.58,-7.2450337409973145,10.239966259002683
1678293443.661364,-17.6,-7.222447395324707,10.282552604675294
1678293443.661364,-17.62,-7.222447395324707,10.302552604675293
1678293443.661364,-17.65,-7.222447395324707,10.332552604675291
1678293443.9660873,-17.67,-7.199982643127441,10.37501735687256
1678293443.9660873,-17.7,-7.199982643127441,10.405017356872557
1678293444.1766522,-17.73,-7.1885881423950195,10.44641185760498
1678293444.1766522,-17.75,-7.1885881423950195,10.46641185760498
1678293444.1766522,-17.78,-7.1885881423950195,10.496411857604981
1678293444.4869769,-17.8,-7.217434406280518,10.487565593719482
1678293444.4869769,-17.83,-7.217434406280518,10.51756559371948
1678293444.693724,-17.85,-7.267866134643555,10.487133865356446
1678293444.693724,-17.88,-7.267866134643555,10.517133865356444
1678293444.693724,-17.9,-7.267866134643555,10.537133865356443
1678293445.0020933,-17.92,-7.328908443450928,10.496091556549073
1678293445.0020933,-17.95,-7.328908443450928,10.526091556549071
1678293445.2093244,-17.98,-7.367736339569092,10.517263660430908
1678293445.2093244,-18.0,-7.367736339569092,10.537263660430908
1678293445.4131851,-18.02,-7.421197891235352,10.503802108764647
1678293445.4131851,-18.05,-7.421197891235352,10.533802108764649
1678293445.4131851,-18.08,-7.421197891235352,10.563802108764646
1678293445.7168167,-18.1,-7.494624614715576,10.510375385284425
1678293445.7168167,-18.12,-7.494624614715576,10.530375385284424
1678293445.924399,-18.15,-7.575939655303955,10.479060344696043
1678293445.924399,-18.18,-7.575939655303955,10.509060344696044
1678293445.924399,-18.2,-7.575939655303955,10.529060344696044
1678293446.2332044,-18.23,-7.669157028198242,10.465842971801758
1678293446.2332044,-18.25,-7.669157028198242,10.485842971801757
1678293446.4386756,-18.27,-7.730428695678711,10.444571304321288
1678293446.4386756,-18.3,-7.730428695678711,10.47457130432129
1678293446.4386756,-18.33,-7.730428695678711,10.504571304321287
1678293446.7439432,-18.35,-7.80119514465332,10.45380485534668
1678293446.7439432,-18.38,-7.80119514465332,10.483804855346678
1678293446.948248,-18.4,-7.88505220413208,10.419947795867918
1678293446.948248,-18.43,-7.88505220413208,10.449947795867919
1678293446.948248,-18.45,-7.88505220413208,10.469947795867919
1678293447.253892,-18.48,-7.978517532348633,10.406482467651367
1678293447.253892,-18.5,-7.978517532348633,10.426482467651367
1678293447.4591124,-18.53,-8.075800895690918,10.359199104309083
1678293447.4591124,-18.55,-8.075800895690918,10.379199104309082
1678293447.667343,-18.58,-8.136865615844727,10.348134384155271
1678293447.667343,-18.6,-8.136865615844727,10.368134384155274
1678293447.667343,-18.62,-8.136865615844727,10.388134384155274
1678293447.9732451,-18.65,-8.165435791015625,10.389564208984373
1678293447.9732451,-18.68,-8.165435791015625,10.419564208984374
1678293448.1800325,-18.7,-8.22542953491211,10.37957046508789
1678293448.1800325,-18.73,-8.22542953491211,10.40957046508789
1678293448.1800325,-18.75,-8.22542953491211,10.42957046508789
1678293448.4878392,-18.78,-8.311923027038574,10.373076972961426
1678293448.4878392,-18.8,-8.311923027038574,10.393076972961426
1678293448.6947536,-18.83,-8.37596607208252,10.359033927917478
1678293448.6947536,-18.85,-8.37596607208252,10.379033927917481
1678293448.6947536,-18.88,-8.37596607208252,10.409033927917479
1678293449.0019038,-18.9,-8.4125394821167,10.392460517883299
1678293449.0019038,-18.93,-8.4125394821167,10.4224605178833
1678293449.2075927,-18.95,-8.427447319030762,10.427552680969237
1678293449.2075927,-18.98,-8.427447319030762,10.457552680969238
1678293449.4109008,-19.0,-8.41200065612793,10.49299934387207
1678293449.4109008,-19.03,-8.41200065612793,10.52299934387207
1678293449.4109008,-19.05,-8.41200065612793,10.54299934387207
1678293449.7168982,-19.08,-8.377840995788574,10.607159004211423
1678293449.7168982,-19.1,-8.377840995788574,10.627159004211427
1678293449.9254234,-19.12,-8.413373947143555,10.611626052856446
1678293449.9254234,-19.15,-8.413373947143555,10.641626052856443
1678293449.9254234,-19.18,-8.413373947143555,10.671626052856444
1678293450.2348545,-19.2,-8.515914916992188,10.589085083007811
1678293450.2348545,-19.23,-8.515914916992188,10.619085083007812
1678293450.43957,-19.25,-8.659193992614746,10.495806007385253
1678293450.43957,-19.28,-8.659193992614746,10.525806007385254
1678293450.43957,-19.3,-8.659193992614746,10.545806007385254
1678293450.7471094,-19.33,-8.788389205932617,10.44661079406738
1678293450.7471094,-19.35,-8.788389205932617,10.466610794067384
1678293450.9547055,-19.38,-8.905545234680176,10.379454765319823
1678293450.9547055,-19.4,-8.905545234680176,10.399454765319822
1678293450.9547055,-19.43,-8.905545234680176,10.429454765319823
1678293451.265245,-19.45,-8.985562324523926,10.369437675476073
1678293451.265245,-19.48,-8.985562324523926,10.399437675476074
1678293451.4732893,-19.5,-9.079833984375,10.325166015625
1678293451.4732893,-19.53,-9.079833984375,10.355166015625
1678293451.6798277,-19.55,-9.138288497924805,10.316711502075195
1678293451.6798277,-19.58,-9.138288497924805,10.346711502075193
1678293451.6798277,-19.6,-9.138288497924805,10.366711502075196
1678293451.9864252,-19.62,-9.194513320922852,10.330486679077149
1678293451.9864252,-19.65,-9.194513320922852,10.360486679077146
1678293452.1919575,-19.68,-9.27293586730957,10.312064132690429
1678293452.1919575,-19.7,-9.27293586730957,10.332064132690428
1678293452.1919575,-19.73,-9.27293586730957,10.36206413269043
1678293452.4990647,-19.75,-9.303269386291504,10.351730613708495
1678293452.4990647,-19.78,-9.303269386291504,10.381730613708497
1678293452.7075884,-19.8,-9.29480266571045,10.41019733428955
1678293452.7075884,-19.83,-9.29480266571045,10.440197334289548
1678293452.9163902,-19.85,-9.315839767456055,10.439160232543946
1678293452.9163902,-19.88,-9.315839767456055,10.469160232543944
1678293452.9163902,-19.9,-9.315839767456055,10.489160232543943
1678293453.2233539,-19.93,-9.321953773498535,10.513046226501464
1678293453.2233539,-19.95,-9.321953773498535,10.533046226501463
1678293453.4273124,-19.98,-9.390318870544434,10.494681129455566
1678293453.4273124,-20.0,-9.390318870544434,10.514681129455566
1678293453.4273124,-20.0,-9.390318870544434,10.514681129455566
1678293453.734891,-20.0,-9.434009552001953,10.470990447998046
1678293453.734891,-20.0,-9.434009552001953,10.470990447998046
1678293453.9405057,-20.0,-9.495820045471191,10.409179954528808
1678293453.9405057,-20.0,-9.495820045471191,10.409179954528808
1678293453.9405057,-20.0,-9.495820045471191,10.409179954528808
1678293454.2488012,-20.0,-9.512246131896973,10.392753868103027
1678293454.2488012,-20.0,-9.512246131896973,10.392753868103027
1678293454.454442,-20.0,-9.576141357421875,10.328858642578124
1678293454.454442,-20.0,-9.576141357421875,10.328858642578124
1678293454.454442,-20.0,-9.576141357421875,10.328858642578124
1678293454.7629087,-20.0,-9.641277313232422,10.263722686767577
1678293454.7629087,-20.0,-9.641277313232422,10.263722686767577
1678293454.9707992,-20.0,-9.695088386535645,10.209911613464355
1678293454.9707992,-20.0,-9.695088386535645,10.209911613464355
1678293455.179226,-20.0,-9.75717544555664,10.147824554443359
1678293455.179226,-20.0,-9.75717544555664,10.147824554443359
1678293455.179226,-20.0,-9.75717544555664,10.147824554443359
1678293455.485354,-20.0,-9.778861999511719,10.12613800048828
1678293455.485354,-20.0,-9.778861999511719,10.12613800048828
1678293455.691974,-20.0,-9.754800796508789,10.15019920349121
1678293455.691974,-20.0,-9.754800796508789,10.15019920349121
1678293455.691974,-20.0,-9.754800796508789,10.15019920349121
1678293456.0000768,-20.0,-9.707383155822754,10.197616844177245
1678293456.0000768,-20.0,-9.707383155822754,10.197616844177245
1678293456.2069056,-20.0,-9.638581275939941,10.266418724060058
1678293456.2069056,-20.0,-9.638581275939941,10.266418724060058
1678293456.2069056,-20.0,-9.638581275939941,10.266418724060058
1678293456.5155566,-20.0,-9.547802925109863,10.357197074890136
1678293456.5155566,-20.0,-9.547802925109863,10.357197074890136
1678293456.7247255,-20.0,-9.50111198425293,10.40388801574707
1678293456.7247255,-20.0,-9.50111198425293,10.40388801574707
1678293456.9324617,-20.0,-9.451627731323242,10.453372268676757
1678293456.9324617,-20.0,-9.451627731323242,10.453372268676757
1678293456.9324617,-20.0,-9.451627731323242,10.453372268676757
1678293457.2407258,-20.0,-9.409953117370605,10.495046882629394
1678293457.2407258,-20.0,-9.409953117370605,10.495046882629394
1678293457.4467542,-20.0,-9.402559280395508,10.502440719604492
1678293457.4467542,-20.0,-9.402559280395508,10.502440719604492
1678293457.4467542,-20.0,-9.402559280395508,10.502440719604492
1678293457.7543821,-20.0,-9.446456909179688,10.458543090820312
1678293457.7543821,-20.0,-9.446456909179688,10.458543090820312
1678293457.9645731,-20.0,-9.49539852142334,10.40960147857666
1678293457.9645731,-20.0,-9.49539852142334,10.40960147857666
1678293458.1744792,-20.0,-9.560805320739746,10.344194679260253
1678293458.1744792,-20.0,-9.560805320739746,10.344194679260253
1678293458.1744792,-20.0,-9.560805320739746,10.344194679260253
1678293458.4829643,-20.0,-9.66076374053955,10.244236259460449
1678293458.4829643,-20.0,-9.66076374053955,10.244236259460449
1678293458.691135,-20.0,-9.680450439453125,10.224549560546874
1678293458.691135,-20.0,-9.680450439453125,10.224549560546874
1678293458.691135,-20.0,-9.680450439453125,10.224549560546874
1678293459.000131,-20.0,-9.667695045471191,10.237304954528808
1678293459.000131,-20.0,-9.667695045471191,10.237304954528808
1678293459.2054873,-20.0,-9.683262825012207,10.221737174987792
1678293459.2054873,-20.0,-9.683262825012207,10.221737174987792
1678293459.4148097,-20.0,-9.683799743652344,10.221200256347656
1678293459.4148097,-20.0,-9.683799743652344,10.221200256347656
1678293459.4148097,-20.0,-9.683799743652344,10.221200256347656
1678293459.726372,-20.0,-9.641644477844238,10.263355522155761
1678293459.726372,-20.0,-9.641644477844238,10.263355522155761
1678293459.9337852,-20.0,-9.599749565124512,10.305250434875488
1678293459.9337852,-20.0,-9.599749565124512,10.305250434875488
1678293459.9337852,-20.0,-9.599749565124512,10.305250434875488
1678293460.2425818,-20.0,-9.566773414611816,10.338226585388183
1678293460.2425818,-20.0,-9.566773414611816,10.338226585388183
1678293460.450731,-20.0,-9.574325561523438,10.330674438476562
1678293460.450731,-20.0,-9.574325561523438,10.330674438476562
1678293460.450731,-20.0,-9.574325561523438,10.330674438476562
1678293460.759286,-20.0,-9.547623634338379,10.35737636566162
1678293460.759286,-20.0,-9.547623634338379,10.35737636566162
1678293460.964552,-20.0,-9.519521713256836,10.385478286743163
1678293460.964552,-20.0,-9.519521713256836,10.385478286743163
1678293461.1709838,-20.0,-9.507092475891113,10.397907524108886
1678293461.1709838,-20.0,-9.507092475891113,10.397907524108886
1678293461.1709838,-20.0,-9.507092475891113,10.397907524108886
1678293461.4794357,-20.0,-9.499464988708496,10.405535011291503
1678293461.4794357,-20.0,-9.499464988708496,10.405535011291503
1678293461.687202,-20.0,-9.506905555725098,10.398094444274902
1678293461.687202,-20.0,-9.506905555725098,10.398094444274902
1678293461.687202,-20.0,-9.506905555725098,10.398094444274902
1678293461.995903,-20.0,-9.544302940368652,10.360697059631347
1678293461.995903,-20.0,-9.544302940368652,10.360697059631347
1678293462.2019663,-20.0,-9.576290130615234,10.328709869384765
1678293462.2019663,-20.0,-9.576290130615234,10.328709869384765
1678293462.4053144,-20.0,-9.563227653503418,10.341772346496581
1678293462.4053144,-20.0,-9.563227653503418,10.341772346496581
1678293462.4053144,-20.0,-9.563227653503418,10.341772346496581
1678293462.7121809,-20.0,-9.561534881591797,10.343465118408202
1678293462.7121809,-20.0,-9.561534881591797,10.343465118408202
1678293462.920617,-20.0,-9.597811698913574,10.307188301086425
1678293462.920617,-20.0,-9.597811698913574,10.307188301086425
1678293462.920617,-20.0,-9.597811698913574,10.307188301086425
1678293463.2278824,-20.0,-9.648481369018555,10.256518630981445
1678293463.2278824,-20.0,-9.648481369018555,10.256518630981445
1678293463.435426,-20.0,-9.663921356201172,10.241078643798827
1678293463.435426,-20.0,-9.663921356201172,10.241078643798827
1678293463.435426,-20.0,-9.663921356201172,10.241078643798827
1678293463.7429419,-20.0,-9.635887145996094,10.269112854003906
1678293463.7429419,-16.0,-9.635887145996094,6.2691128540039065
1678293463.947121,-16.0,-9.630637168884277,6.274362831115723
1678293463.947121,-16.0,-9.630637168884277,6.274362831115723
1678293463.947121,-16.0,-9.630637168884277,6.274362831115723
1678293464.2545807,-16.0,-9.594600677490234,6.310399322509766
1678293464.2545807,-16.0,-9.594600677490234,6.310399322509766
1678293464.4602067,-16.0,-9.425246238708496,6.479753761291504
1678293464.4602067,-16.0,-9.425246238708496,6.479753761291504
1678293464.6674235,-16.0,-9.125401496887207,6.779598503112793
1678293464.6674235,-16.0,-9.125401496887207,6.779598503112793
1678293464.6674235,-16.0,-9.125401496887207,6.779598503112793
1678293464.9752562,-16.0,-8.767163276672363,7.137836723327637
1678293464.9752562,-16.0,-8.767163276672363,7.137836723327637
1678293465.1825705,-16.0,-8.427057266235352,7.477942733764649
1678293465.1825705,-16.0,-8.427057266235352,7.477942733764649
1678293465.1825705,-16.0,-8.427057266235352,7.477942733764649
1678293465.4904819,-16.0,-8.124221801757812,7.780778198242188
1678293465.4904819,-16.0,-8.124221801757812,7.780778198242188
1678293465.6967406,-16.0,-7.838404178619385,8.066595821380615
1678293465.6967406,-16.0,-7.838404178619385,8.066595821380615
1678293465.6967406,-16.0,-7.838404178619385,8.066595821380615
1678293466.0039718,-16.0,-7.5402512550354,8.364748744964599
1678293466.0039718,-16.0,-7.5402512550354,8.364748744964599
1678293466.2092242,-16.0,-7.217118263244629,8.68788173675537
1678293466.2092242,-16.0,-7.217118263244629,8.68788173675537
1678293466.4132469,-16.0,-6.8929548263549805,9.012045173645019
1678293466.4132469,-16.0,-6.8929548263549805,9.012045173645019
1678293466.4132469,-16.0,-6.8929548263549805,9.012045173645019
1678293466.7188015,-16.0,-6.577846527099609,9.32715347290039
1678293466.7188015,-16.0,-6.577846527099609,9.32715347290039
1678293466.9269464,-16.0,-6.238548755645752,9.666451244354247
1678293466.9269464,-16.0,-6.238548755645752,9.666451244354247
1678293466.9269464,-16.0,-6.238548755645752,9.666451244354247
1678293467.2367964,-16.0,-5.921950340270996,9.983049659729003
1678293467.2367964,-16.0,-5.921950340270996,9.983049659729003
1678293467.44305,-16.0,-5.607583045959473,10.297416954040527
1678293467.44305,-16.0,-5.607583045959473,10.297416954040527
1678293467.44305,-16.0,-5.607583045959473,10.297416954040527
1678293467.7494855,-16.0,-5.274913787841797,10.630086212158202
1678293467.7494855,-16.0,-5.274913787841797,10.630086212158202
1678293467.9550269,-16.0,-4.96281099319458,10.94218900680542
1678293467.9550269,-16.0,-4.96281099319458,10.94218900680542
1678293467.9550269,-16.0,-4.96281099319458,10.94218900680542
1678293468.2666438,-16.0,-4.678396224975586,11.226603775024413
1678293468.2666438,-16.0,-4.678396224975586,11.226603775024413
1678293468.4754183,-16.0,-4.381777763366699,11.5232222366333
1678293468.4754183,-16.0,-4.381777763366699,11.5232222366333
1678293468.6853342,-16.0,-4.107487201690674,11.797512798309326
1678293468.6853342,-16.0,-4.107487201690674,11.797512798309326
1678293468.6853342,-16.0,-4.107487201690674,11.797512798309326
1678293468.9926624,-16.0,-3.915396213531494,11.989603786468505
1678293468.9926624,-16.0,-3.915396213531494,11.989603786468505
1678293469.1981459,-16.0,-3.8886349201202393,12.01636507987976
1678293469.1981459,-16.0,-3.8886349201202393,12.01636507987976
1678293469.1981459,-16.0,-3.8886349201202393,12.01636507987976
1678293469.5054252,-16.0,-4.063160419464111,11.841839580535888
1678293469.5054252,-16.0,-4.063160419464111,11.841839580535888
1678293469.7121208,-16.0,-4.3644866943359375,11.540513305664062
1678293469.7121208,-16.0,-4.3644866943359375,11.540513305664062
1678293469.919712,-16.0,-4.717118263244629,11.18788173675537
1678293469.919712,-16.0,-4.717118263244629,11.18788173675537
1678293469.919712,-16.0,-4.717118263244629,11.18788173675537
1678293470.2280564,-16.0,-5.072824478149414,10.832175521850585
1678293470.2280564,-16.0,-5.072824478149414,10.832175521850585
1678293470.4324708,-16.0,-5.396660804748535,10.508339195251464
1678293470.4324708,-16.0,-5.396660804748535,10.508339195251464
1678293470.4324708,-16.0,-5.396660804748535,10.508339195251464
1678293470.7396147,-16.0,-5.696540355682373,10.208459644317626
1678293470.7396147,-16.0,-5.696540355682373,10.208459644317626
1678293470.9452193,-16.0,-5.979968547821045,9.925031452178954
1678293470.9452193,-16.0,-5.979968547821045,9.925031452178954
1678293470.9452193,-16.0,-5.979968547821045,9.925031452178954
1678293471.2531235,-16.0,-6.241171360015869,9.66382863998413
1678293471.2531235,-16.0,-6.241171360015869,9.66382863998413
1678293471.4586644,-16.0,-6.423182487487793,9.481817512512206
1678293471.4586644,-16.0,-6.423182487487793,9.481817512512206
1678293471.4586644,-16.0,-6.423182487487793,9.481817512512206
1678293471.768554,-16.0,-6.5286641120910645,9.376335887908935
1678293471.768554,-16.0,-6.5286641120910645,9.376335887908935
1678293471.9735835,-16.0,-6.512042045593262,9.392957954406738
1678293471.9735835,-16.0,-6.512042045593262,9.392957954406738
1678293472.1802897,-16.0,-6.345080852508545,9.559919147491454
1678293472.1802897,-16.0,-6.345080852508545,9.559919147491454
1678293472.1802897,-16.0,-6.345080852508545,9.559919147491454
1678293472.4909358,-16.0,-6.123737335205078,9.781262664794921
1678293472.4909358,-16.0,-6.123737335205078,9.781262664794921
1678293472.7000508,-16.0,-5.883193492889404,10.021806507110595
1678293472.7000508,-16.0,-5.883193492889404,10.021806507110595
1678293472.7000508,-16.0,-5.883193492889404,10.021806507110595
1678293473.0078375,-16.0,-5.62910270690918,10.27589729309082
1678293473.0078375,-16.0,-5.62910270690918,10.27589729309082
1678293473.21331,-16.0,-5.3523335456848145,10.552666454315185
1678293473.21331,-16.0,-5.3523335456848145,10.552666454315185
1678293473.4163623,-16.0,-5.134039878845215,10.770960121154785
1678293473.4163623,-16.0,-5.134039878845215,10.770960121154785
1678293473.4163623,-16.0,-5.134039878845215,10.770960121154785
1678293473.7203894,-16.0,-4.982812404632568,10.922187595367431
1678293473.7203894,-16.0,-4.982812404632568,10.922187595367431
1678293473.9303694,-16.0,-4.920923709869385,10.984076290130615
1678293473.9303694,-16.0,-4.920923709869385,10.984076290130615
1678293473.9303694,-16.0,-4.920923709869385,10.984076290130615
1678293474.2381606,-16.02,-4.960544586181641,10.964455413818358
1678293474.2381606,-16.05,-4.960544586181641,10.99445541381836
1678293474.442883,-16.08,-5.086230278015137,10.898769721984861
1678293474.442883,-16.1,-5.086230278015137,10.918769721984864
1678293474.442883,-16.12,-5.086230278015137,10.938769721984864
1678293474.7509954,-16.15,-5.244447231292725,10.810552768707273
1678293474.7509954,-16.17,-5.244447231292725,10.830552768707276
1678293474.9561114,-16.2,-5.42130708694458,10.683692913055419
1678293474.9561114,-16.23,-5.42130708694458,10.71369291305542
1678293474.9561114,-16.25,-5.42130708694458,10.73369291305542
1678293475.2637694,-16.27,-5.626821994781494,10.548178005218505
1678293475.2637694,-16.3,-5.626821994781494,10.578178005218506
1678293475.4717894,-16.33,-5.8670244216918945,10.367975578308103
1678293475.4717894,-16.35,-5.8670244216918945,10.387975578308106
1678293475.679868,-16.38,-6.069604396820068,10.21539560317993
1678293475.679868,-16.4,-6.069604396820068,10.23539560317993
1678293475.679868,-16.42,-6.069604396820068,10.255395603179933
1678293475.9890327,-16.45,-6.231710433959961,10.123289566040038
1678293475.9890327,-16.48,-6.231710433959961,10.153289566040039
1678293476.1954658,-16.5,-6.343470573425293,10.061529426574706
1678293476.1954658,-16.52,-6.343470573425293,10.081529426574706
1678293476.1954658,-16.55,-6.343470573425293,10.111529426574707
1678293476.5023713,-16.58,-6.4205098152160645,10.064490184783933
1678293476.5023713,-16.6,-6.4205098152160645,10.084490184783936
1678293476.7104282,-16.62,-6.473694801330566,10.051305198669434
1678293476.7104282,-16.65,-6.473694801330566,10.081305198669432
1678293476.9220943,-16.67,-6.4690728187561035,10.105927181243898
1678293476.9220943,-16.7,-6.4690728187561035,10.135927181243895
1678293476.9220943,-16.73,-6.4690728187561035,10.165927181243896
1678293477.229913,-16.75,-6.407724380493164,10.247275619506835
1678293477.229913,-16.77,-6.407724380493164,10.267275619506835
1678293477.436504,-16.8,-6.347275733947754,10.357724266052246
1678293477.436504,-16.83,-6.347275733947754,10.387724266052244
1678293477.436504,-16.85,-6.347275733947754,10.407724266052247
1678293477.744513,-16.88,-6.268486022949219,10.51651397705078
1678293477.744513,-16.9,-6.268486022949219,10.53651397705078
1678293477.9502509,-16.92,-6.167346477508545,10.657653522491456
1678293477.9502509,-16.95,-6.167346477508545,10.687653522491454
1678293477.9502509,-16.98,-6.167346477508545,10.717653522491455
1678293478.2573786,-17.0,-6.10310697555542,10.80189302444458
1678293478.2573786,-17.03,-6.10310697555542,10.83189302444458
1678293478.462212,-17.05,-6.100493431091309,10.854506568908691
1678293478.462212,-17.08,-6.100493431091309,10.884506568908689
1678293478.462212,-17.1,-6.100493431091309,10.904506568908692
1678293478.7709687,-17.12,-6.198775291442871,10.82622470855713
1678293478.7709687,-17.15,-6.198775291442871,10.856224708557127
1678293478.976314,-17.17,-6.340201377868652,10.734798622131349
1678293478.976314,-17.2,-6.340201377868652,10.764798622131346
1678293479.1818085,-17.23,-6.492376327514648,10.642623672485351
1678293479.1818085,-17.25,-6.492376327514648,10.662623672485351
1678293479.1818085,-17.28,-6.492376327514648,10.692623672485352
1678293479.4892452,-17.3,-6.722379207611084,10.482620792388916
1678293479.4892452,-17.33,-6.722379207611084,10.512620792388914
1678293479.6961122,-17.35,-6.919543266296387,10.335456733703614
1678293479.6961122,-17.38,-6.919543266296387,10.365456733703612
1678293479.6961122,-17.4,-6.919543266296387,10.385456733703611
1678293480.0042906,-17.42,-7.069881439208984,10.255118560791017
1678293480.0042906,-17.45,-7.069881439208984,10.285118560791014
1678293480.210599,-17.48,-7.199589729309082,10.185410270690918
1678293480.210599,-17.5,-7.199589729309082,10.205410270690917
1678293480.4144077,-17.53,-7.3126020431518555,10.122397956848145
1678293480.4144077,-17.55,-7.3126020431518555,10.142397956848145
1678293480.4144077,-17.58,-7.3126020431518555,10.172397956848142
1678293480.7217457,-17.6,-7.36379337310791,10.14120662689209
1678293480.7217457,-17.62,-7.36379337310791,10.16120662689209
1678293480.929911,-17.65,-7.384644031524658,10.17035596847534
1678293480.929911,-17.67,-7.384644031524658,10.190355968475343
1678293480.929911,-17.7,-7.384644031524658,10.22035596847534
1678293481.2373748,-17.73,-7.36625337600708,10.26874662399292
1678293481.2373748,-17.75,-7.36625337600708,10.28874662399292
1678293481.4427383,-17.78,-7.310817241668701,10.3741827583313
1678293481.4427383,-17.8,-7.310817241668701,10.394182758331299
1678293481.4427383,-17.83,-7.310817241668701,10.424182758331296
1678293481.7492194,-17.85,-7.260876655578613,10.494123344421388
1678293481.7492194,-17.88,-7.260876655578613,10.524123344421385
1678293481.9548938,-17.9,-7.207249641418457,10.597750358581541
1678293481.9548938,-17.92,-7.207249641418457,10.617750358581544
1678293481.9548938,-17.95,-7.207249641418457,10.647750358581542
1678293482.2647204,-17.98,-7.203541278839111,10.681458721160888
1678293482.2647204,-18.0,-7.203541278839111,10.701458721160888
1678293482.4720738,-18.02,-7.2661452293396,10.6588547706604
1678293482.4720738,-18.05,-7.2661452293396,10.6888547706604
1678293482.6802185,-18.08,-7.3640828132629395,10.620917186737058
1678293482.6802185,-18.1,-7.3640828132629395,10.640917186737061
1678293482.6802185,-18.12,-7.3640828132629395,10.660917186737061
1678293482.987862,-18.15,-7.469484329223633,10.585515670776365
1678293482.987862,-18.18,-7.469484329223633,10.615515670776366
1678293483.1931875,-18.2,-7.6064534187316895,10.49854658126831
1678293483.1931875,-18.23,-7.6064534187316895,10.52854658126831
1678293483.1931875,-18.25,-7.6064534187316895,10.54854658126831
1678293483.5011408,-18.27,-7.696804046630859,10.47819595336914
1678293483.5011408,-18.3,-7.696804046630859,10.50819595336914
1678293483.7064903,-18.33,-7.799548149108887,10.435451850891111
1678293483.7064903,-18.35,-7.799548149108887,10.455451850891114
1678293483.9098217,-18.38,-7.916331768035889,10.36866823196411
1678293483.9098217,-18.4,-7.916331768035889,10.38866823196411
1678293483.9098217,-18.43,-7.916331768035889,10.41866823196411
1678293484.218134,-18.45,-8.018492698669434,10.336507301330565
1678293484.218134,-18.48,-8.018492698669434,10.366507301330566
1678293484.4296668,-18.5,-8.106805801391602,10.298194198608398
1678293484.4296668,-18.53,-8.106805801391602,10.328194198608399
1678293484.4296668,-18.55,-8.106805801391602,10.348194198608399
1678293484.7392256,-18.58,-8.174921035766602,10.310078964233396
1678293484.7392256,-18.6,-8.174921035766602,10.3300789642334
1678293484.9441261,-18.62,-8.217047691345215,10.307952308654786
1678293484.9441261,-18.65,-8.217047691345215,10.337952308654783
1678293484.9441261,-18.68,-8.217047691345215,10.367952308654784
1678293485.2512925,-18.7,-8.261240005493164,10.343759994506835
1678293485.2512925,-18.73,-8.261240005493164,10.373759994506836
1678293485.456066,-18.75,-8.332332611083984,10.322667388916015
1678293485.456066,-18.78,-8.332332611083984,10.352667388916016
1678293485.456066,-18.8,-8.332332611083984,10.372667388916016
1678293485.7636974,-18.83,-8.3659086227417,10.369091377258298
1678293485.7636974,-18.85,-8.3659086227417,10.389091377258302
1678293485.9715211,-18.88,-8.361536979675293,10.423463020324705
1678293485.9715211,-18.9,-8.361536979675293,10.443463020324705
1678293486.1823723,-18.93,-8.371923446655273,10.463076553344726
1678293486.1823723,-18.95,-8.371923446655273,10.483076553344725
1678293486.1823723,-18.98,-8.371923446655273,10.513076553344726
1678293486.4921973,-19.0,-8.383967399597168,10.521032600402831
1678293486.4921973,-19.03,-8.383967399597168,10.551032600402833
1678293486.7003555,-19.05,-8.398093223571777,10.556906776428223
1678293486.7003555,-19.08,-8.398093223571777,10.58690677642822
1678293486.7003555,-19.1,-8.398093223571777,10.606906776428223
1678293487.0086672,-19.12,-8.433753967285156,10.591246032714844
1678293487.0086672,-19.15,-8.433753967285156,10.621246032714842
1678293487.2150183,-19.18,-8.499664306640625,10.585335693359374
1678293487.2150183,-19.2,-8.499664306640625,10.605335693359374
1678293487.418514,-19.23,-8.590627670288086,10.544372329711914
1678293487.418514,-19.25,-8.590627670288086,10.564372329711913
1678293487.418514,-19.28,-8.590627670288086,10.594372329711915
1678293487.7227707,-19.3,-8.679912567138672,10.525087432861328
1678293487.7227707,-19.33,-8.679912567138672,10.555087432861326
1678293487.930005,-19.35,-8.807233810424805,10.447766189575196
1678293487.930005,-19.38,-8.807233810424805,10.477766189575194
1678293487.930005,-19.4,-8.807233810424805,10.497766189575193
1678293488.2387605,-19.43,-8.947786331176758,10.387213668823241
1678293488.2387605,-19.45,-8.947786331176758,10.40721366882324
1678293488.443963,-19.48,-9.058160781860352,10.326839218139648
1678293488.443963,-19.5,-9.058160781860352,10.346839218139648
1678293488.443963,-19.53,-9.058160781860352,10.376839218139649
1678293488.7526402,-19.55,-9.158203125,10.296796875
1678293488.7526402,-19.58,-9.158203125,10.326796874999998
1678293488.9582174,-19.6,-9.225626945495605,10.279373054504395
1678293488.9582174,-19.62,-9.225626945495605,10.299373054504395
1678293488.9582174,-19.65,-9.225626945495605,10.329373054504392
1678293489.265828,-19.68,-9.246004104614258,10.338995895385741
1678293489.265828,-19.7,-9.246004104614258,10.35899589538574
1678293489.4733834,-19.73,-9.261085510253906,10.373914489746094
1678293489.4733834,-19.75,-9.261085510253906,10.393914489746093
1678293489.686103,-19.78,-9.276531219482422,10.408468780517579
1678293489.686103,-19.8,-9.276531219482422,10.428468780517578
1678293489.686103,-19.83,-9.276531219482422,10.458468780517576
1678293489.99415,-19.85,-9.303621292114258,10.451378707885743
1678293489.99415,-19.88,-9.303621292114258,10.48137870788574
1678293490.2011955,-19.9,-9.339216232299805,10.465783767700193
1678293490.2011955,-19.93,-9.339216232299805,10.495783767700194
1678293490.2011955,-19.95,-9.339216232299805,10.515783767700194
1678293490.5087037,-19.98,-9.383282661437988,10.501717338562012
1678293490.5087037,-20.0,-9.383282661437988,10.521717338562011
1678293490.7178771,-20.0,-9.427874565124512,10.477125434875488
1678293490.7178771,-20.0,-9.427874565124512,10.477125434875488
1678293490.9258065,-20.0,-9.454266548156738,10.450733451843261
1678293490.9258065,-20.0,-9.454266548156738,10.450733451843261
1678293490.9258065,-20.0,-9.454266548156738,10.450733451843261
1678293491.234499,-20.0,-9.495314598083496,10.409685401916503
1678293491.234499,-20.0,-9.495314598083496,10.409685401916503
1678293491.4409409,-20.0,-9.591312408447266,10.313687591552734
1678293491.4409409,-20.0,-9.591312408447266,10.313687591552734
1678293491.4409409,-20.0,-9.591312408447266,10.313687591552734
1678293491.7461998,-20.0,-9.683479309082031,10.221520690917968
1678293491.7461998,-20.0,-9.683479309082031,10.221520690917968
1678293491.951148,-20.0,-9.738912582397461,10.166087417602538
1678293491.951148,-20.0,-9.738912582397461,10.166087417602538
1678293491.951148,-20.0,-9.738912582397461,10.166087417602538
1678293492.258771,-20.0,-9.76025390625,10.14474609375
1678293492.258771,-20.0,-9.76025390625,10.14474609375
1678293492.466664,-20.0,-9.756174087524414,10.148825912475585
1678293492.466664,-20.0,-9.756174087524414,10.148825912475585
1678293492.674552,-20.0,-9.736824035644531,10.168175964355468
1678293492.674552,-20.0,-9.736824035644531,10.168175964355468
1678293492.674552,-20.0,-9.736824035644531,10.168175964355468
1678293492.9825454,-20.0,-9.675847053527832,10.229152946472167
1678293492.9825454,-20.0,-9.675847053527832,10.229152946472167
1678293493.1893246,-20.0,-9.605485916137695,10.299514083862304
1678293493.1893246,-20.0,-9.605485916137695,10.299514083862304
1678293493.1893246,-20.0,-9.605485916137695,10.299514083862304
1678293493.4968984,-20.0,-9.550999641418457,10.354000358581542
1678293493.4968984,-20.0,-9.550999641418457,10.354000358581542
1678293493.7023432,-20.0,-9.49875259399414,10.406247406005859
1678293493.7023432,-20.0,-9.49875259399414,10.406247406005859
1678293493.7023432,-20.0,-9.49875259399414,10.406247406005859
1678293494.0098875,-20.0,-9.4462308883667,10.4587691116333
1678293494.0098875,-20.0,-9.4462308883667,10.4587691116333
1678293494.2154505,-20.0,-9.400288581848145,10.504711418151855
1678293494.2154505,-20.0,-9.400288581848145,10.504711418151855
1678293494.4243677,-20.0,-9.416409492492676,10.488590507507324
1678293494.4243677,-20.0,-9.416409492492676,10.488590507507324
1678293494.4243677,-20.0,-9.416409492492676,10.488590507507324
1678293494.7342925,-20.0,-9.478294372558594,10.426705627441406
1678293494.7342925,-20.0,-9.478294372558594,10.426705627441406
1678293494.9405124,-20.0,-9.508915901184082,10.396084098815917
1678293494.9405124,-20.0,-9.508915901184082,10.396084098815917
1678293494.9405124,-20.0,-9.508915901184082,10.396084098815917
1678293495.24588,-20.0,-9.559651374816895,10.345348625183105
1678293495.24588,-20.0,-9.559651374816895,10.345348625183105
1678293495.4511988,-20.0,-9.621600151062012,10.283399848937988
1678293495.4511988,-20.0,-9.621600151062012,10.283399848937988
1678293495.4511988,-20.0,-9.621600151062012,10.283399848937988
1678293495.756942,-20.0,-9.643301963806152,10.261698036193847
1678293495.756942,-20.0,-9.643301963806152,10.261698036193847
1678293495.9617796,-20.0,-9.644875526428223,10.260124473571777
1678293495.9617796,-20.0,-9.644875526428223,10.260124473571777
1678293496.1704996,-20.0,-9.6415376663208,10.263462333679199
1678293496.1704996,-20.0,-9.6415376663208,10.263462333679199
1678293496.1704996,-20.0,-9.6415376663208,10.263462333679199
1678293496.4791045,-20.0,-9.638525009155273,10.266474990844726
1678293496.4791045,-20.0,-9.638525009155273,10.266474990844726
1678293496.6887295,-20.0,-9.668558120727539,10.23644187927246
1678293496.6887295,-20.0,-9.668558120727539,10.23644187927246
1678293496.6887295,-20.0,-9.668558120727539,10.23644187927246
1678293496.9965844,-20.0,-9.670829772949219,10.23417022705078
1678293496.9965844,-20.0,-9.670829772949219,10.23417022705078
1678293497.204418,-20.0,-9.633259773254395,10.271740226745605
1678293497.204418,-20.0,-9.633259773254395,10.271740226745605
1678293497.204418,-20.0,-9.633259773254395,10.271740226745605
1678293497.5132973,-20.0,-9.614397048950195,10.290602951049804
1678293497.5132973,-20.0,-9.614397048950195,10.290602951049804
1678293497.718695,-20.0,-9.611939430236816,10.293060569763183
1678293497.718695,-20.0,-9.611939430236816,10.293060569763183
1678293497.925571,-20.0,-9.588522911071777,10.316477088928222
1678293497.925571,-20.0,-9.588522911071777,10.316477088928222
1678293497.925571,-20.0,-9.588522911071777,10.316477088928222
1678293498.2314963,-20.0,-9.540775299072266,10.364224700927734
1678293498.2314963,-20.0,-9.540775299072266,10.364224700927734
1678293498.435088,-20.0,-9.500733375549316,10.404266624450683
1678293498.435088,-20.0,-9.500733375549316,10.404266624450683
1678293498.435088,-20.0,-9.500733375549316,10.404266624450683
1678293498.740125,-20.0,-9.474812507629395,10.430187492370605
1678293498.740125,-20.0,-9.474812507629395,10.430187492370605
1678293498.9440684,-20.0,-9.462496757507324,10.442503242492675
1678293498.9440684,-20.0,-9.462496757507324,10.442503242492675
1678293498.9440684,-20.0,-9.462496757507324,10.442503242492675
1678293499.252708,-20.0,-9.476032257080078,10.428967742919921
1678293499.252708,-20.0,-9.476032257080078,10.428967742919921
1678293499.4638646,-20.0,-9.501273155212402,10.403726844787597
1678293499.4638646,-20.0,-9.501273155212402,10.403726844787597
1678293499.6755822,-20.0,-9.539118766784668,10.365881233215331
1678293499.6755822,-20.0,-9.539118766784668,10.365881233215331
1678293499.6755822,-20.0,-9.539118766784668,10.365881233215331
1678293499.9851997,-20.0,-9.597359657287598,10.307640342712402
1678293499.9851997,-20.0,-9.597359657287598,10.307640342712402
1678293500.1936204,-20.0,-9.650206565856934,10.254793434143066
1678293500.1936204,-20.0,-9.650206565856934,10.254793434143066
1678293500.1936204,-20.0,-9.650206565856934,10.254793434143066
1678293500.5017006,-20.0,-9.684868812561035,10.220131187438964
1678293500.5017006,-20.0,-9.684868812561035,10.220131187438964
1678293500.7098644,-20.0,-9.694840431213379,10.21015956878662
1678293500.7098644,-20.0,-9.694840431213379,10.21015956878662
1678293500.7098644,-16.0,-9.694840431213379,6.210159568786621
1678293501.0185158,-16.0,-9.654406547546387,6.2505934524536135
1678293501.0185158,-16.0,-9.654406547546387,6.2505934524536135
1678293501.2243354,-16.0,-9.613042831420898,6.291957168579102
1678293501.2243354,-16.0,-9.613042831420898,6.291957168579102
1678293501.43117,-16.0,-9.480379104614258,6.424620895385742
1678293501.43117,-16.0,-9.480379104614258,6.424620895385742
1678293501.43117,-16.0,-9.480379104614258,6.424620895385742
1678293501.7374048,-16.0,-9.21550178527832,6.68949821472168
1678293501.7374048,-16.0,-9.21550178527832,6.68949821472168
1678293501.9415157,-16.0,-8.885518074035645,7.019481925964356
1678293501.9415157,-16.0,-8.885518074035645,7.019481925964356
1678293501.9415157,-16.0,-8.885518074035645,7.019481925964356
1678293502.2492855,-16.0,-8.533832550048828,7.371167449951172
1678293502.2492855,-16.0,-8.533832550048828,7.371167449951172
1678293502.458137,-16.0,-8.15661334991455,7.7483866500854495
1678293502.458137,-16.0,-8.15661334991455,7.7483866500854495
1678293502.458137,-16.0,-8.15661334991455,7.7483866500854495
1678293502.7671719,-16.0,-7.777777671813965,8.127222328186035
1678293502.7671719,-16.0,-7.777777671813965,8.127222328186035
1678293502.9725184,-16.0,-7.447897911071777,8.457102088928222
1678293502.9725184,-16.0,-7.447897911071777,8.457102088928222
1678293503.1828504,-16.0,-7.159968376159668,8.745031623840331
1678293503.1828504,-16.0,-7.159968376159668,8.745031623840331
1678293503.1828504,-16.0,-7.159968376159668,8.745031623840331
1678293503.4928734,-16.0,-6.876640319824219,9.02835968017578
1678293503.4928734,-16.0,-6.876640319824219,9.02835968017578
1678293503.6987314,-16.0,-6.599015235900879,9.30598476409912
1678293503.6987314,-16.0,-6.599015235900879,9.30598476409912
1678293503.6987314,-16.0,-6.599015235900879,9.30598476409912
1678293504.0062351,-16.0,-6.295860767364502,9.609139232635497
1678293504.0062351,-16.0,-6.295860767364502,9.609139232635497
1678293504.21196,-16.0,-5.985987663269043,9.919012336730956
1678293504.21196,-16.0,-5.985987663269043,9.919012336730956
1678293504.4151614,-16.0,-5.6879777908325195,10.21702220916748
1678293504.4151614,-16.0,-5.6879777908325195,10.21702220916748
1678293504.4151614,-16.0,-5.6879777908325195,10.21702220916748
1678293504.7208674,-16.0,-5.407138347625732,10.497861652374267
1678293504.7208674,-16.0,-5.407138347625732,10.497861652374267
1678293504.9307272,-16.0,-5.103821277618408,10.801178722381591
1678293504.9307272,-16.0,-5.103821277618408,10.801178722381591
1678293504.9307272,-16.0,-5.103821277618408,10.801178722381591
1678293505.2408268,-16.0,-4.754151344299316,11.150848655700683
1678293505.2408268,-16.0,-4.754151344299316,11.150848655700683
1678293505.4493976,-16.0,-4.407829284667969,11.49717071533203
1678293505.4493976,-16.0,-4.407829284667969,11.49717071533203
1678293505.4493976,-16.0,-4.407829284667969,11.49717071533203
1678293505.762722,-16.0,-4.0684967041015625,11.836503295898437
1678293505.762722,-16.0,-4.0684967041015625,11.836503295898437
1678293505.9685307,-16.0,-3.8502678871154785,12.05473211288452
1678293505.9685307,-16.0,-3.8502678871154785,12.05473211288452
1678293505.9685307,-16.0,-3.8502678871154785,12.05473211288452
1678293506.2761605,-16.0,-3.811337947845459,12.09366205215454
1678293506.2761605,-16.0,-3.811337947845459,12.09366205215454
1678293506.484057,-16.0,-3.997786521911621,11.907213478088378
1678293506.484057,-16.0,-3.997786521911621,11.907213478088378
1678293506.6925292,-16.0,-4.320711135864258,11.584288864135742
1678293506.6925292,-16.0,-4.320711135864258,11.584288864135742
1678293506.6925292,-16.0,-4.320711135864258,11.584288864135742
1678293507.000558,-16.0,-4.684383869171143,11.220616130828857
1678293507.000558,-16.0,-4.684383869171143,11.220616130828857
1678293507.2059793,-16.0,-5.038764476776123,10.866235523223876
1678293507.2059793,-16.0,-5.038764476776123,10.866235523223876
1678293507.2059793,-16.0,-5.038764476776123,10.866235523223876
1678293507.5132663,-16.0,-5.373997211456299,10.5310027885437
1678293507.5132663,-16.0,-5.373997211456299,10.5310027885437
1678293507.7199683,-16.0,-5.679621696472168,10.225378303527831
1678293507.7199683,-16.0,-5.679621696472168,10.225378303527831
1678293507.7199683,-16.0,-5.679621696472168,10.225378303527831
1678293508.0289354,-16.0,-5.964424133300781,9.940575866699218
1678293508.0289354,-16.0,-5.964424133300781,9.940575866699218
1678293508.2363465,-16.0,-6.236761569976807,9.668238430023193
1678293508.2363465,-16.0,-6.236761569976807,9.668238430023193
1678293508.440784,-16.0,-6.426509857177734,9.478490142822265
1678293508.440784,-16.0,-6.426509857177734,9.478490142822265
1678293508.440784,-16.0,-6.426509857177734,9.478490142822265
1678293508.7463558,-16.0,-6.511693477630615,9.393306522369384
1678293508.7463558,-16.0,-6.511693477630615,9.393306522369384
1678293508.9520423,-16.0,-6.466333866119385,9.438666133880615
1678293508.9520423,-16.0,-6.466333866119385,9.438666133880615
1678293508.9520423,-16.0,-6.466333866119385,9.438666133880615
1678293509.2584417,-16.0,-6.314227104187012,9.590772895812988
1678293509.2584417,-16.0,-6.314227104187012,9.590772895812988
1678293509.4628322,-16.0,-6.117135047912598,9.787864952087402
1678293509.4628322,-16.0,-6.117135047912598,9.787864952087402
1678293509.6717103,-16.0,-5.88925313949585,10.01574686050415
1678293509.6717103,-16.0,-5.88925313949585,10.01574686050415
1678293509.6717103,-16.0,-5.88925313949585,10.01574686050415
1678293509.9778986,-16.0,-5.661570072174072,10.243429927825927
1678293509.9778986,-16.0,-5.661570072174072,10.243429927825927
1678293510.18477,-16.0,-5.439385414123535,10.465614585876464
1678293510.18477,-16.0,-5.439385414123535,10.465614585876464
1678293510.18477,-16.0,-5.439385414123535,10.465614585876464
1678293510.4928548,-16.0,-5.1959052085876465,10.709094791412353
1678293510.4928548,-16.0,-5.1959052085876465,10.709094791412353
1678293510.6991923,-16.0,-4.983094215393066,10.921905784606933
1678293510.6991923,-16.0,-4.983094215393066,10.921905784606933
1678293510.6991923,-16.0,-4.983094215393066,10.921905784606933
1678293511.0065258,-16.0,-4.880578994750977,11.024421005249023
1678293511.0065258,-16.0,-4.880578994750977,11.024421005249023
1678293511.2130177,-16.0,-4.93110990524292,10.97389009475708
1678293511.2130177,-16.02,-4.93110990524292,10.993890094757079
1678293511.2130177,-16.05,-4.93110990524292,11.02389009475708
1678293511.5207844,-16.08,-5.067658424377441,10.917341575622556
1678293511.5207844,-16.1,-5.067658424377441,10.93734157562256
1678293511.7269783,-16.12,-5.224722862243652,10.800277137756348
1678293511.7269783,-16.15,-5.224722862243652,10.830277137756346
1678293511.933113,-16.17,-5.3755083084106445,10.699491691589357
1678293511.933113,-16.2,-5.3755083084106445,10.729491691589354
1678293511.933113,-16.23,-5.3755083084106445,10.759491691589355
1678293512.2394514,-16.25,-5.574859619140625,10.580140380859374
1678293512.2394514,-16.27,-5.574859619140625,10.600140380859374
1678293512.4451437,-16.3,-5.792237758636475,10.412762241363525
1678293512.4451437,-16.33,-5.792237758636475,10.442762241363523
1678293512.4451437,-16.35,-5.792237758636475,10.462762241363526
1678293512.7527974,-16.38,-5.989506721496582,10.295493278503416
1678293512.7527974,-16.4,-5.989506721496582,10.315493278503416
1678293512.9583879,-16.42,-6.1386942863464355,10.186305713653566
1678293512.9583879,-16.45,-6.1386942863464355,10.216305713653563
1678293512.9583879,-16.48,-6.1386942863464355,10.246305713653564
1678293513.2657573,-16.5,-6.2809977531433105,10.124002246856689
1678293513.2657573,-16.52,-6.2809977531433105,10.144002246856688
1678293513.4722981,-16.55,-6.389875411987305,10.065124588012695
1678293513.4722981,-16.58,-6.389875411987305,10.095124588012693
1678293513.683294,-16.6,-6.44439172744751,10.060608272552491
1678293513.683294,-16.62,-6.44439172744751,10.08060827255249
1678293513.683294,-16.65,-6.44439172744751,10.110608272552488
1678293513.9910786,-16.67,-6.435418128967285,10.139581871032716
1678293513.9910786,-16.7,-6.435418128967285,10.169581871032713
1678293514.1958094,-16.73,-6.396006107330322,10.238993892669678
1678293514.1958094,-16.75,-6.396006107330322,10.258993892669677
1678293514.1958094,-16.77,-6.396006107330322,10.278993892669677
1678293514.5038254,-16.8,-6.327610492706299,10.377389507293701
1678293514.5038254,-16.83,-6.327610492706299,10.407389507293699
1678293514.709543,-16.85,-6.24526309967041,10.50973690032959
1678293514.709543,-16.88,-6.24526309967041,10.539736900329588
1678293514.709543,-16.9,-6.24526309967041,10.559736900329588
1678293515.0146525,-16.92,-6.251130104064941,10.57386989593506
1678293515.0146525,-16.95,-6.251130104064941,10.603869895935057
1678293515.2194738,-16.98,-6.277364253997803,10.607635746002197
1678293515.2194738,-17.0,-6.277364253997803,10.627635746002197
1678293515.4263773,-17.03,-6.273673057556152,10.661326942443848
1678293515.4263773,-17.05,-6.273673057556152,10.681326942443848
1678293515.4263773,-17.08,-6.273673057556152,10.711326942443845
1678293515.732939,-17.1,-6.287094593048096,10.717905406951905
1678293515.732939,-17.12,-6.287094593048096,10.737905406951905
1678293515.939143,-17.15,-6.381065368652344,10.673934631347654
1678293515.939143,-17.17,-6.381065368652344,10.693934631347657
1678293515.939143,-17.2,-6.381065368652344,10.723934631347655
1678293516.2461827,-17.23,-6.517756462097168,10.617243537902832
1678293516.2461827,-17.25,-6.517756462097168,10.637243537902831
1678293516.4537885,-17.28,-6.679369926452637,10.505630073547364
1678293516.4537885,-17.3,-6.679369926452637,10.525630073547363
1678293516.4537885,-17.33,-6.679369926452637,10.555630073547361
1678293516.7621813,-17.35,-6.82334566116333,10.43165433883667
1678293516.7621813,-17.38,-6.82334566116333,10.461654338836668
1678293516.9682705,-17.4,-6.965421676635742,10.339578323364256
1678293516.9682705,-17.42,-6.965421676635742,10.359578323364259
1678293517.1777081,-17.45,-7.092356204986572,10.262643795013426
1678293517.1777081,-17.48,-7.092356204986572,10.292643795013428
1678293517.1777081,-17.5,-7.092356204986572,10.312643795013427
1678293517.4869144,-17.53,-7.174249649047852,10.260750350952149
1678293517.4869144,-17.55,-7.174249649047852,10.280750350952149
1678293517.6942298,-17.58,-7.230969429016113,10.254030570983884
1678293517.6942298,-17.6,-7.230969429016113,10.274030570983888
1678293517.6942298,-17.62,-7.230969429016113,10.294030570983887
1678293518.0023406,-17.65,-7.2700629234313965,10.284937076568601
1678293518.0023406,-17.67,-7.2700629234313965,10.304937076568605
1678293518.2078364,-17.7,-7.317676067352295,10.287323932647704
1678293518.2078364,-17.73,-7.317676067352295,10.317323932647705
1678293518.2078364,-17.75,-7.317676067352295,10.337323932647704
1678293518.5153794,-17.78,-7.309757709503174,10.375242290496827
1678293518.5153794,-17.8,-7.309757709503174,10.395242290496826
1678293518.7235157,-17.83,-7.285029411315918,10.44997058868408
1678293518.7235157,-17.85,-7.285029411315918,10.469970588684083
1678293518.931655,-17.88,-7.259785175323486,10.525214824676512
1678293518.931655,-17.9,-7.259785175323486,10.545214824676512
1678293518.931655,-17.92,-7.259785175323486,10.565214824676515
1678293519.240593,-17.95,-7.318338871002197,10.536661128997801
1678293519.240593,-17.98,-7.318338871002197,10.566661128997803
1678293519.4496496,-18.0,-7.38814640045166,10.51685359954834
1678293519.4496496,-18.02,-7.38814640045166,10.536853599548339
1678293519.4496496,-18.05,-7.38814640045166,10.56685359954834
1678293519.758534,-18.08,-7.441668510437012,10.543331489562986
1678293519.758534,-18.1,-7.441668510437012,10.563331489562989
1678293519.9651535,-18.12,-7.50094747543335,10.52405252456665
1678293519.9651535,-18.15,-7.50094747543335,10.554052524566648
1678293519.9651535,-18.18,-7.50094747543335,10.58405252456665
1678293520.2754939,-18.2,-7.601958751678467,10.503041248321532
1678293520.2754939,-18.23,-7.601958751678467,10.533041248321533
1678293520.483251,-18.25,-7.683969497680664,10.471030502319335
1678293520.483251,-18.27,-7.683969497680664,10.491030502319335
1678293520.691503,-18.3,-7.753365993499756,10.451634006500244
1678293520.691503,-18.33,-7.753365993499756,10.481634006500242
1678293520.691503,-18.35,-7.753365993499756,10.501634006500245
1678293521.000147,-18.38,-7.82246732711792,10.462532672882078
1678293521.000147,-18.4,-7.82246732711792,10.482532672882078
1678293521.2062821,-18.43,-7.9348530769348145,10.400146923065185
1678293521.2062821,-18.45,-7.9348530769348145,10.420146923065184
1678293521.2062821,-18.48,-7.9348530769348145,10.450146923065185
1678293521.513745,-18.5,-8.030903816223145,10.374096183776855
1678293521.513745,-18.53,-8.030903816223145,10.404096183776856
1678293521.7196074,-18.55,-8.095236778259277,10.359763221740723
1678293521.7196074,-18.58,-8.095236778259277,10.38976322174072
1678293521.7196074,-18.6,-8.095236778259277,10.409763221740723
1678293522.0280063,-18.62,-8.155591011047363,10.369408988952637
1678293522.0280063,-18.65,-8.155591011047363,10.399408988952635
1678293522.2364943,-18.68,-8.219758033752441,10.365241966247558
1678293522.2364943,-18.7,-8.219758033752441,10.385241966247557
1678293522.444638,-18.73,-8.306526184082031,10.328473815917969
1678293522.444638,-18.75,-8.306526184082031,10.348473815917968
1678293522.444638,-18.78,-8.306526184082031,10.37847381591797
1678293522.7508125,-18.8,-8.366990089416504,10.338009910583496
1678293522.7508125,-18.83,-8.366990089416504,10.368009910583494
1678293522.9549892,-18.85,-8.385223388671875,10.369776611328126
1678293522.9549892,-18.88,-8.385223388671875,10.399776611328123
1678293522.9549892,-18.9,-8.385223388671875,10.419776611328123
1678293523.2632122,-18.93,-8.398356437683105,10.436643562316894
1678293523.2632122,-18.95,-8.398356437683105,10.456643562316893
1678293523.4696333,-18.98,-8.413461685180664,10.471538314819336
1678293523.4696333,-19.0,-8.413461685180664,10.491538314819335
1678293523.4696333,-19.03,-8.413461685180664,10.521538314819336
1678293523.777615,-19.05,-8.441901206970215,10.513098793029785
1678293523.777615,-19.08,-8.441901206970215,10.543098793029783
1678293523.985135,-19.1,-8.499879837036133,10.505120162963868
1678293523.985135,-19.12,-8.499879837036133,10.525120162963868
1678293524.1913016,-19.15,-8.554224967956543,10.500775032043455
1678293524.1913016,-19.18,-8.554224967956543,10.530775032043456
1678293524.1913016,-19.2,-8.554224967956543,10.550775032043456
1678293524.4984214,-19.23,-8.613862991333008,10.521137008666992
1678293524.4984214,-19.25,-8.613862991333008,10.541137008666992
1678293524.7055311,-19.28,-8.730504035949707,10.454495964050293
1678293524.7055311,-19.3,-8.730504035949707,10.474495964050293
1678293524.7055311,-19.33,-8.730504035949707,10.50449596405029
1678293525.0135624,-19.35,-8.82861328125,10.42638671875
1678293525.0135624,-19.38,-8.82861328125,10.456386718749998
1678293525.2210126,-19.4,-8.884517669677734,10.420482330322264
1678293525.2210126,-19.43,-8.884517669677734,10.450482330322265
1678293525.4265132,-19.45,-8.976210594177246,10.378789405822753
1678293525.4265132,-19.48,-8.976210594177246,10.408789405822754
1678293525.4265132,-19.5,-8.976210594177246,10.428789405822753
1678293525.7342021,-19.53,-9.056268692016602,10.378731307983399
1678293525.7342021,-19.55,-9.056268692016602,10.398731307983399
1678293525.9408891,-19.58,-9.09245777130127,10.392542228698728
1678293525.9408891,-19.6,-9.09245777130127,10.412542228698731
1678293525.9408891,-19.62,-9.09245777130127,10.43254222869873
1678293526.246936,-19.65,-9.100550651550293,10.454449348449705
1678293526.246936,-19.68,-9.100550651550293,10.484449348449706
1678293526.4506242,-19.7,-9.133097648620605,10.471902351379393
1678293526.4506242,-19.73,-9.133097648620605,10.501902351379394
1678293526.4506242,-19.75,-9.133097648620605,10.521902351379394
1678293526.757711,-19.78,-9.2150239944458,10.4699760055542
1678293526.757711,-19.8,-9.2150239944458,10.4899760055542
1678293526.9647462,-19.83,-9.27979850769043,10.455201492309568
1678293526.9647462,-19.85,-9.27979850769043,10.475201492309571
1678293526.9647462,-19.88,-9.27979850769043,10.505201492309569
1678293527.275166,-19.9,-9.382831573486328,10.42216842651367
1678293527.275166,-19.93,-9.382831573486328,10.452168426513671
1678293527.4807825,-19.95,-9.465124130249023,10.389875869750975
1678293527.4807825,-19.98,-9.465124130249023,10.419875869750976
1678293527.6875248,-20.0,-9.517931938171387,10.387068061828613
1678293527.6875248,-20.0,-9.517931938171387,10.387068061828613
1678293527.6875248,-20.0,-9.517931938171387,10.387068061828613
1678293527.9945774,-20.0,-9.561429977416992,10.343570022583007
1678293527.9945774,-20.0,-9.561429977416992,10.343570022583007
1678293528.2000217,-20.0,-9.581735610961914,10.323264389038085
1678293528.2000217,-20.0,-9.581735610961914,10.323264389038085
1678293528.2000217,-20.0,-9.581735610961914,10.323264389038085
1678293528.5078993,-20.0,-9.613018989562988,10.291981010437011
1678293528.5078993,-20.0,-9.613018989562988,10.291981010437011
1678293528.7154813,-20.0,-9.659430503845215,10.245569496154785
1678293528.7154813,-20.0,-9.659430503845215,10.245569496154785
1678293528.7154813,-20.0,-9.659430503845215,10.245569496154785
1678293529.024599,-20.0,-9.700150489807129,10.20484951019287
1678293529.024599,-20.0,-9.700150489807129,10.20484951019287
1678293529.2331703,-20.0,-9.69331169128418,10.21168830871582
1678293529.2331703,-20.0,-9.69331169128418,10.21168830871582
1678293529.4414973,-20.0,-9.686238288879395,10.218761711120605
1678293529.4414973,-20.0,-9.686238288879395,10.218761711120605
1678293529.4414973,-20.0,-9.686238288879395,10.218761711120605
1678293529.7505167,-20.0,-9.670178413391113,10.234821586608886
1678293529.7505167,-20.0,-9.670178413391113,10.234821586608886
1678293529.9557488,-20.0,-9.661581039428711,10.243418960571288
1678293529.9557488,-20.0,-9.661581039428711,10.243418960571288
1678293529.9557488,-20.0,-9.661581039428711,10.243418960571288
1678293530.2605042,-20.0,-9.61525821685791,10.28974178314209
1678293530.2605042,-20.0,-9.61525821685791,10.28974178314209
1678293530.4670062,-20.0,-9.576685905456543,10.328314094543456
1678293530.4670062,-20.0,-9.576685905456543,10.328314094543456
1678293530.4670062,-20.0,-9.576685905456543,10.328314094543456
1678293530.7757416,-20.0,-9.499773025512695,10.405226974487304
1678293530.7757416,-20.0,-9.499773025512695,10.405226974487304
1678293530.9817567,-20.0,-9.448151588439941,10.456848411560058
1678293530.9817567,-20.0,-9.448151588439941,10.456848411560058
1678293531.1886916,-20.0,-9.461333274841309,10.44366672515869
1678293531.1886916,-20.0,-9.461333274841309,10.44366672515869
1678293531.1886916,-20.0,-9.461333274841309,10.44366672515869
1678293531.4966404,-20.0,-9.488984107971191,10.416015892028808
1678293531.4966404,-20.0,-9.488984107971191,10.416015892028808
1678293531.70261,-20.0,-9.501181602478027,10.403818397521972
1678293531.70261,-20.0,-9.501181602478027,10.403818397521972
1678293531.70261,-20.0,-9.501181602478027,10.403818397521972
1678293532.010967,-20.0,-9.513823509216309,10.39117649078369
1678293532.010967,-20.0,-9.513823509216309,10.39117649078369
1678293532.2155569,-20.0,-9.569725036621094,10.335274963378906
1678293532.2155569,-20.0,-9.569725036621094,10.335274963378906
1678293532.2155569,-20.0,-9.569725036621094,10.335274963378906
1678293532.523829,-20.0,-9.644322395324707,10.260677604675292
1678293532.523829,-20.0,-9.644322395324707,10.260677604675292
